insert into projudi.custa (id_custa, codigo_regimento, custa, codigo_regimento_valor, porcentagem, minimo, id_arrecadacao_custa, referencia_calculo, valor_acrescimo, valor_maximo) 
values (9001, '1','RECURSOS CÍVEIS ORIUNDOS DO PRIMEIRO GRAU','1',100,NULL,16,9999,NULL,NULL);

insert into projudi.custa (id_custa, codigo_regimento, custa, codigo_regimento_valor, porcentagem, minimo, id_arrecadacao_custa, referencia_calculo, valor_acrescimo, valor_maximo) 
values (9002, '2','AÇÕES RESCISÓRIAS E DEMAIS FEITOS DA COMPETÊNCIA','2',100,NULL,16,9998,NULL,NULL);

insert into projudi.custa (id_custa, codigo_regimento, custa, codigo_regimento_valor, porcentagem, minimo, id_arrecadacao_custa, referencia_calculo, valor_acrescimo, valor_maximo) 
values (9003, '3','RECURSOS PENAIS ORIUNDOS DO PRIMEIRO GRAU DE JURISDIÇÃO','3',100,NULL,16,9999,NULL,NULL);

insert into projudi.custa (id_custa, codigo_regimento, custa, codigo_regimento_valor, porcentagem, minimo, id_arrecadacao_custa, referencia_calculo, valor_acrescimo, valor_maximo) 
values (9004, '4.I','TAXAS DE SERVIÇO - CERTIDÕES DE ACORDÃO','4.I',100,NULL,16,9999,NULL,NULL);

insert into projudi.custa (id_custa, codigo_regimento, custa, codigo_regimento_valor, porcentagem, minimo, id_arrecadacao_custa, referencia_calculo, valor_acrescimo, valor_maximo) 
values (9005, '4.II','TAXAS DE SERVIÇO - TRASLADOS, DESARQUIVAMENTO DOS AUTOS','4.II',100,NULL,16,9999,NULL,NULL);

insert into projudi.custa (id_custa, codigo_regimento, custa, codigo_regimento_valor, porcentagem, minimo, id_arrecadacao_custa, referencia_calculo, valor_acrescimo, valor_maximo) 
values (9006, '4.III','TAXAS DE SERVIÇO - RESTAURAÇÃO DE AUTOS','4.III',100,NULL,16,9999,NULL,NULL);

insert into projudi.custa (id_custa, codigo_regimento, custa, codigo_regimento_valor, porcentagem, minimo, id_arrecadacao_custa, referencia_calculo, valor_acrescimo, valor_maximo) 
values (9007, '4.IV','TAXAS DE SERVIÇO - POR DOCUMENTO PUBLICADO NO DIÁRIO DE JUSTIÇA','4.IV',100,NULL,16,9999,NULL,NULL);

insert into projudi.custa (id_custa, codigo_regimento, custa, codigo_regimento_valor, porcentagem, minimo, id_arrecadacao_custa, referencia_calculo, valor_acrescimo, valor_maximo) 
values (9008, '4.V','TAXAS DE SERVIÇO - PORTE E REMESSA DE PROCESSOS FÍSICOS','4.V',100,NULL,16,9999,NULL,NULL);

insert into projudi.custa (id_custa, codigo_regimento, custa, codigo_regimento_valor, porcentagem, minimo, id_arrecadacao_custa, referencia_calculo, valor_acrescimo, valor_maximo) 
values (9009, '4.VI','TAXAS DE SERVIÇO - DESPESAS POSTAIS, POR POSTAGEM','4.VI',100,NULL,16,9999,NULL,NULL);

insert into projudi.custa (id_custa, codigo_regimento, custa, codigo_regimento_valor, porcentagem, minimo, id_arrecadacao_custa, referencia_calculo, valor_acrescimo, valor_maximo) 
values (9010, '4.VII','TAXAS DE SERVIÇO - PELA EMISSÃO DOS DOCUMENTOS DE COMUNICAÇÃO','4.VII',100,NULL,16,9999,NULL,NULL);

insert into projudi.custa (id_custa, codigo_regimento, custa, codigo_regimento_valor, porcentagem, minimo, id_arrecadacao_custa, referencia_calculo, valor_acrescimo, valor_maximo) 
values (9011, '4.VIII','TAXAS DE SERVIÇO - PELA EMISSÃO DOS ATOS DE CONSTRIÇÃO','4.VIII',100,NULL,16,9999,NULL,NULL);

insert into projudi.custa (id_custa, codigo_regimento, custa, codigo_regimento_valor, porcentagem, minimo, id_arrecadacao_custa, referencia_calculo, valor_acrescimo, valor_maximo) 
values (9012, '5','PROCESSOS DE QUALQUER CLASSE, ASSUNTO, NATUREZA E RITO','5',100,266.00,4,9998,NULL,NULL);

insert into projudi.custa (id_custa, codigo_regimento, custa, codigo_regimento_valor, porcentagem, minimo, id_arrecadacao_custa, referencia_calculo, valor_acrescimo, valor_maximo) 
values (9013, '6','MANDADO DE SEGURANÇA; CUMPRIMENTO DE PRECATÓRIAS','6',100,NULL,4,9999,NULL,NULL);

insert into projudi.custa (id_custa, codigo_regimento, custa, codigo_regimento_valor, porcentagem, minimo, id_arrecadacao_custa, referencia_calculo, valor_acrescimo, valor_maximo) 
values (9014, '7','PROCESSOS ESPECIAIS DE JURISDIÇÃO CONTENCIOSA','5',70,NULL,4,9998,NULL,NULL);

insert into projudi.custa (id_custa, codigo_regimento, custa, codigo_regimento_valor, porcentagem, minimo, id_arrecadacao_custa, referencia_calculo, valor_acrescimo, valor_maximo) 
values (9015, '8','PROCESSOS CAUTELARES SERÃO COBRADOS 40% DAS CUSTAS','5',40,NULL,4,9999,NULL,NULL);

insert into projudi.custa (id_custa, codigo_regimento, custa, codigo_regimento_valor, porcentagem, minimo, id_arrecadacao_custa, referencia_calculo, valor_acrescimo, valor_maximo) 
values (9016, '9','AUTUAÇÃO E/OU PROCESSAMENTO DE FEITOS','9',100,NULL,4,9999,NULL,NULL);

insert into projudi.custa (id_custa, codigo_regimento, custa, codigo_regimento_valor, porcentagem, minimo, id_arrecadacao_custa, referencia_calculo, valor_acrescimo, valor_maximo) 
values (9017, '10','AUTO DE AVALIAÇÃO DE BENS EM PROCESSO DE QUALQUER NATUREZA','10',100,NULL,13,9999,NULL,NULL);

insert into projudi.custa (id_custa, codigo_regimento, custa, codigo_regimento_valor, porcentagem, minimo, id_arrecadacao_custa, referencia_calculo, valor_acrescimo, valor_maximo) 
values (9018, '11','ATOS DE DISTRIBUIÇÃO DOS PROCESSOS FÍSICOS, 10% SOBRE VALOR MINIMO ITEM 5.I','11',100,NULL,3,9999,NULL,NULL);

insert into projudi.custa (id_custa, codigo_regimento, custa, codigo_regimento_valor, porcentagem, minimo, id_arrecadacao_custa, referencia_calculo, valor_acrescimo, valor_maximo) 
values (9019, '12','PARTILHA OU SOBREPARTILHA','12',1,NULL,12,9998,NULL,530.00);

insert into projudi.custa (id_custa, codigo_regimento, custa, codigo_regimento_valor, porcentagem, minimo, id_arrecadacao_custa, referencia_calculo, valor_acrescimo, valor_maximo) 
values (9020, '13','PARA REALIZAÇÃO E CONFERÊNCIA DE CÁLCULOS E ATRIB. (25%)','13',100,NULL,1,9999,NULL,NULL);

insert into projudi.custa (id_custa, codigo_regimento, custa, codigo_regimento_valor, porcentagem, minimo, id_arrecadacao_custa, referencia_calculo, valor_acrescimo, valor_maximo) 
values (9021, '13(ACRESC)','PARA REALIZAÇÃO E CONFERÊNCIA DE CÁLCULOS E ATRIBUIÇÕES(10% MÍNIMO ITEM 5)','13(ACRESC)',100,NULL,1,9999,NULL,NULL);

insert into projudi.custa (id_custa, codigo_regimento, custa, codigo_regimento_valor, porcentagem, minimo, id_arrecadacao_custa, referencia_calculo, valor_acrescimo, valor_maximo) 
values (9022, '14','DEPÓSITO, COMPREENDENDO OS REGISTROS, GUARDA, ESCRITURAÇÃO','14',1,NULL,14,9998,NULL,530.00);

insert into projudi.custa (id_custa, codigo_regimento, custa, codigo_regimento_valor, porcentagem, minimo, id_arrecadacao_custa, referencia_calculo, valor_acrescimo, valor_maximo) 
values (9023, '15','REGISTRO DE PETIÇÃO INICIAL','15',100,NULL,2,9999,NULL,NULL);

insert into projudi.custa (id_custa, codigo_regimento, custa, codigo_regimento_valor, porcentagem, minimo, id_arrecadacao_custa, referencia_calculo, valor_acrescimo, valor_maximo) 
values (9024, '16.I','CERTIDÕES DAS DECISÕES','16.I',100,NULL,2,9999,NULL,NULL);

insert into projudi.custa (id_custa, codigo_regimento, custa, codigo_regimento_valor, porcentagem, minimo, id_arrecadacao_custa, referencia_calculo, valor_acrescimo, valor_maximo) 
values (9025, '16.II','TRASLADOS, DESARQUIVAMENTO DOS AUTOS E OUTRAS CERTIDÕES','16.II',100,NULL,2,9999,NULL,NULL);

insert into projudi.custa (id_custa, codigo_regimento, custa, codigo_regimento_valor, porcentagem, minimo, id_arrecadacao_custa, referencia_calculo, valor_acrescimo, valor_maximo) 
values (9026, '16.III','RESTAURAÇÃO DE AUTOS','16.III',100,NULL,2,9999,NULL,NULL);

insert into projudi.custa (id_custa, codigo_regimento, custa, codigo_regimento_valor, porcentagem, minimo, id_arrecadacao_custa, referencia_calculo, valor_acrescimo, valor_maximo) 
values (9027, '16.IV','POR DOCUMENTO PUBLICADO','16.IV',100,NULL,2,9999,NULL,NULL);

insert into projudi.custa (id_custa, codigo_regimento, custa, codigo_regimento_valor, porcentagem, minimo, id_arrecadacao_custa, referencia_calculo, valor_acrescimo, valor_maximo) 
values (9028, '16.V','PORTE E REMESSA DE PROCESSOS FÍSICOS','16.V',100,NULL,2,9999,NULL,NULL);

insert into projudi.custa (id_custa, codigo_regimento, custa, codigo_regimento_valor, porcentagem, minimo, id_arrecadacao_custa, referencia_calculo, valor_acrescimo, valor_maximo) 
values (9029, '16.VI','DESPESAS POSTAIS, POR POSTAGEM','16.VI',100,NULL,22,9999,NULL,NULL);

insert into projudi.custa (id_custa, codigo_regimento, custa, codigo_regimento_valor, porcentagem, minimo, id_arrecadacao_custa, referencia_calculo, valor_acrescimo, valor_maximo) 
values (9030, '16.VII','PELA EMISSÃO DOS DOCUMENTOS DE COMUNICAÇÃO','16.VII',100,NULL,5,9999,NULL,NULL);

insert into projudi.custa (id_custa, codigo_regimento, custa, codigo_regimento_valor, porcentagem, minimo, id_arrecadacao_custa, referencia_calculo, valor_acrescimo, valor_maximo) 
values (9031, '16.VIII','PELA EMISSÃO DOS ATOS DE CONSTRIÇÃO','16.VIII',100,NULL,2,9999,NULL,NULL);

insert into projudi.custa (id_custa, codigo_regimento, custa, codigo_regimento_valor, porcentagem, minimo, id_arrecadacao_custa, referencia_calculo, valor_acrescimo, valor_maximo) 
values (9032, '16.IX','FORMAL DE PARTILHA, CARTA DE SENTENÇA','16.IX',100,NULL,2,9999,NULL,NULL);

insert into projudi.custa (id_custa, codigo_regimento, custa, codigo_regimento_valor, porcentagem, minimo, id_arrecadacao_custa, referencia_calculo, valor_acrescimo, valor_maximo) 
values (9033, '16.X','CUMPRIMENTO DE CARTAS PRECATÓRIAS','16.X',100,NULL,2,9999,NULL,NULL);

insert into projudi.custa (id_custa, codigo_regimento, custa, codigo_regimento_valor, porcentagem, minimo, id_arrecadacao_custa, referencia_calculo, valor_acrescimo, valor_maximo) 
values (9034, '18.I','RECURSO INOMINADO, APLICA-SE TABELA II','5',100,NULL,16,9999,NULL,NULL);

insert into projudi.custa (id_custa, codigo_regimento, custa, codigo_regimento_valor, porcentagem, minimo, id_arrecadacao_custa, referencia_calculo, valor_acrescimo, valor_maximo) 
values (9035, '18.I(4%)','RECURSO INOMINADO, MAIS 4% DO VALOR DA CAUSA','18.I(4%)',4,NULL,16,9998,NULL,NULL);

insert into projudi.custa (id_custa, codigo_regimento, custa, codigo_regimento_valor, porcentagem, minimo, id_arrecadacao_custa, referencia_calculo, valor_acrescimo, valor_maximo) 
values (9036, '18.II','CONDENAÇÃO POR LITIGÂNCIA DE MÁ FÉ','5',100,NULL,16,9998,NULL,NULL);

insert into projudi.custa (id_custa, codigo_regimento, custa, codigo_regimento_valor, porcentagem, minimo, id_arrecadacao_custa, referencia_calculo, valor_acrescimo, valor_maximo) 
values (9037, '19.I','RECURSO INOMINADO, APLICA-SE TABELA III','9',100,NULL,16,9999,NULL,NULL);

insert into projudi.custa (id_custa, codigo_regimento, custa, codigo_regimento_valor, porcentagem, minimo, id_arrecadacao_custa, referencia_calculo, valor_acrescimo, valor_maximo) 
values (9038, '19.II','CONDENAÇÃO EM QUALQUER TIPIFICAÇÃO CRIMINAL, APLICA-SE TABELA III','9',100,NULL,16,9999,NULL,NULL);

insert into projudi.custa (id_custa, codigo_regimento, custa, codigo_regimento_valor, porcentagem, minimo, id_arrecadacao_custa, referencia_calculo, valor_acrescimo, valor_maximo) 
values (9039, '20','MANDADO DE SEGURANÇA EM TURMA RECURSAL','20',100,NULL,16,9999,NULL,NULL);

commit;

insert into projudi.custa_valor (id_custa, limite_min, limite_max, valor_custa) 
values (9001, 0.0, 999999999999999999.99, 350);

insert into projudi.custa_valor (id_custa, limite_min, limite_max, valor_custa) 
values (9002, 0.0, 10000, 81);
insert into projudi.custa_valor (id_custa, limite_min, limite_max, valor_custa) 
values (9002, 10000, 20000, 122);
insert into projudi.custa_valor (id_custa, limite_min, limite_max, valor_custa) 
values (9002, 20000, 50000, 245);
insert into projudi.custa_valor (id_custa, limite_min, limite_max, valor_custa) 
values (9002, 50000, 100000, 408);
insert into projudi.custa_valor (id_custa, limite_min, limite_max, valor_custa) 
values (9002, 100000, 150000, 735);
insert into projudi.custa_valor (id_custa, limite_min, limite_max, valor_custa) 
values (9002, 150000, 200000, 1021);
insert into projudi.custa_valor (id_custa, limite_min, limite_max, valor_custa) 
values (9002, 200000, 250000, 1224);
insert into projudi.custa_valor (id_custa, limite_min, limite_max, valor_custa) 
values (9002, 250000, 300000, 2042);
insert into projudi.custa_valor (id_custa, limite_min, limite_max, valor_custa) 
values (9002, 300000, 350000, 4084);
insert into projudi.custa_valor (id_custa, limite_min, limite_max, valor_custa) 
values (9002, 350000, 400000, 6168);
insert into projudi.custa_valor (id_custa, limite_min, limite_max, valor_custa) 
values (9002, 400000, 500000, 9336);
insert into projudi.custa_valor (id_custa, limite_min, limite_max, valor_custa) 
values (9002, 500000, 999999999999999999.99, 12422);

insert into projudi.custa_valor (id_custa, limite_min, limite_max, valor_custa) 
values (9003, 0.0, 999999999999999999.99, 122);

insert into projudi.custa_valor (id_custa, limite_min, limite_max, valor_custa) 
values (9004, 0.0, 999999999999999999.99, 246);
insert into projudi.custa_valor (id_custa, limite_min, limite_max, valor_custa) 
values (9005, 0.0, 999999999999999999.99, 31);
insert into projudi.custa_valor (id_custa, limite_min, limite_max, valor_custa) 
values (9006, 0.0, 999999999999999999.99, 130);
insert into projudi.custa_valor (id_custa, limite_min, limite_max, valor_custa) 
values (9007, 0.0, 999999999999999999.99, 180);
insert into projudi.custa_valor (id_custa, limite_min, limite_max, valor_custa) 
values (9008, 0.0, 999999999999999999.99, 63);
insert into projudi.custa_valor (id_custa, limite_min, limite_max, valor_custa) 
values (9009, 0.0, 999999999999999999.99, 16);
insert into projudi.custa_valor (id_custa, limite_min, limite_max, valor_custa) 
values (9010, 0.0, 999999999999999999.99, 21);
insert into projudi.custa_valor (id_custa, limite_min, limite_max, valor_custa) 
values (9011, 0.0, 999999999999999999.99, 81);

insert into projudi.custa_valor (id_custa, limite_min, limite_max, valor_custa) 
values (9012, 0.0, 2000, 266);
insert into projudi.custa_valor (id_custa, limite_min, limite_max, valor_custa) 
values (9012, 2000, 4000, 388);
insert into projudi.custa_valor (id_custa, limite_min, limite_max, valor_custa) 
values (9012, 4000, 8000, 530);
insert into projudi.custa_valor (id_custa, limite_min, limite_max, valor_custa) 
values (9012, 8000, 12000, 613);
insert into projudi.custa_valor (id_custa, limite_min, limite_max, valor_custa) 
values (9012, 12000, 16000, 715);
insert into projudi.custa_valor (id_custa, limite_min, limite_max, valor_custa) 
values (9012, 16000, 20000, 776);
insert into projudi.custa_valor (id_custa, limite_min, limite_max, valor_custa) 
values (9012, 20000, 30000, 874);
insert into projudi.custa_valor (id_custa, limite_min, limite_max, valor_custa) 
values (9012, 30000, 40000, 918);
insert into projudi.custa_valor (id_custa, limite_min, limite_max, valor_custa) 
values (9012, 40000, 80000, 1632);
insert into projudi.custa_valor (id_custa, limite_min, limite_max, valor_custa) 
values (9012, 80000, 150000, 3061);
insert into projudi.custa_valor (id_custa, limite_min, limite_max, valor_custa) 
values (9012, 150000, 300000, 4695);
insert into projudi.custa_valor (id_custa, limite_min, limite_max, valor_custa) 
values (9012, 300000, 500000, 6307);
insert into projudi.custa_valor (id_custa, limite_min, limite_max, valor_custa) 
values (9012, 500000, 800000, 7920);
insert into projudi.custa_valor (id_custa, limite_min, limite_max, valor_custa) 
values (9012, 800000, 999999999999999999.99, 10533);

insert into projudi.custa_valor (id_custa, limite_min, limite_max, valor_custa) 
values (9013, 0.0, 999999999999999999.99, 306);

insert into projudi.custa_valor (id_custa, limite_min, limite_max, valor_custa) 
values (9016, 0.0, 999999999999999999.99, 163);

insert into projudi.custa_valor (id_custa, limite_min, limite_max, valor_custa) 
values (9017, 0.0, 999999999999999999.99, 408);

insert into projudi.custa_valor (id_custa, limite_min, limite_max, valor_custa) 
values (9018, 0.0, 999999999999999999.99, 26.6);

insert into projudi.custa_valor (id_custa, limite_min, limite_max, valor_custa) 
values (9020, 0.0, 999999999999999999.99, 66.5);

insert into projudi.custa_valor (id_custa, limite_min, limite_max, valor_custa) 
values (9021, 0.0, 999999999999999999.99, 26.6);

insert into projudi.custa_valor (id_custa, limite_min, limite_max, valor_custa) 
values (9023, 0.0, 999999999999999999.99, 19);

insert into projudi.custa_valor (id_custa, limite_min, limite_max, valor_custa) 
values (9024, 0.0, 999999999999999999.99, 246);
insert into projudi.custa_valor (id_custa, limite_min, limite_max, valor_custa) 
values (9025, 0.0, 999999999999999999.99, 31);
insert into projudi.custa_valor (id_custa, limite_min, limite_max, valor_custa) 
values (9026, 0.0, 999999999999999999.99, 130);
insert into projudi.custa_valor (id_custa, limite_min, limite_max, valor_custa) 
values (9027, 0.0, 999999999999999999.99, 180);
insert into projudi.custa_valor (id_custa, limite_min, limite_max, valor_custa) 
values (9028, 0.0, 999999999999999999.99, 63);
insert into projudi.custa_valor (id_custa, limite_min, limite_max, valor_custa) 
values (9029, 0.0, 999999999999999999.99, 16);
insert into projudi.custa_valor (id_custa, limite_min, limite_max, valor_custa) 
values (9030, 0.0, 999999999999999999.99, 21);
insert into projudi.custa_valor (id_custa, limite_min, limite_max, valor_custa) 
values (9031, 0.0, 999999999999999999.99, 81);
insert into projudi.custa_valor (id_custa, limite_min, limite_max, valor_custa) 
values (9032, 0.0, 999999999999999999.99, 330);
insert into projudi.custa_valor (id_custa, limite_min, limite_max, valor_custa) 
values (9033, 0.0, 999999999999999999.99, 306);

insert into projudi.custa_valor (id_custa, limite_min, limite_max, valor_custa) 
values (9039, 0.0, 999999999999999999.99, 306);

commit;

insert into projudi.guia_modelo (guia_modelo, id_guia_tipo, id_proc_tipo, codigo_temp) values ( 'INICIAL - ADJUDICACAO COMPULSORIA', 1, 1, 1);
insert into projudi.guia_modelo (guia_modelo, id_guia_tipo, id_proc_tipo, codigo_temp) values ( 'INICIAL - ALVARA DE LEVANTAMENTO DE CREDITO', 1, 2, 1);
insert into projudi.guia_modelo (guia_modelo, id_guia_tipo, id_proc_tipo, codigo_temp) values ( 'INICIAL - EXIBICAO DE DOCUMENTOS', 1, 3, 1);
insert into projudi.guia_modelo (guia_modelo, id_guia_tipo, id_proc_tipo, codigo_temp) values ( 'INICIAL - ARRESTO', 1, 4, 1);
insert into projudi.guia_modelo (guia_modelo, id_guia_tipo, id_proc_tipo, codigo_temp) values ( 'INICIAL - BUSCA E APREENSAO', 1, 5, 1);
insert into projudi.guia_modelo (guia_modelo, id_guia_tipo, id_proc_tipo, codigo_temp) values ( 'INICIAL - COMINATORIA', 1, 6, 1);
insert into projudi.guia_modelo (guia_modelo, id_guia_tipo, id_proc_tipo, codigo_temp) values ( 'INICIAL - CONSIGNATORIA', 1, 7, 1);
insert into projudi.guia_modelo (guia_modelo, id_guia_tipo, id_proc_tipo, codigo_temp) values ( 'INICIAL - DECLARATORIA', 1, 8, 1);
insert into projudi.guia_modelo (guia_modelo, id_guia_tipo, id_proc_tipo, codigo_temp) values ( 'INICIAL - DECLARACAO DE INSOLVENCIA', 1, 9, 1);
insert into projudi.guia_modelo (guia_modelo, id_guia_tipo, id_proc_tipo, codigo_temp) values ( 'INICIAL - DEMOLITORIA', 1, 10, 1);
insert into projudi.guia_modelo (guia_modelo, id_guia_tipo, id_proc_tipo, codigo_temp) values ( 'INICIAL - DESPEJO POR FALTA DE PAGAMENTO', 1, 11, 1);
insert into projudi.guia_modelo (guia_modelo, id_guia_tipo, id_proc_tipo, codigo_temp) values ( 'INICIAL - INCIDENTE DE FALSIDADE', 1, 12, 1);
insert into projudi.guia_modelo (guia_modelo, id_guia_tipo, id_proc_tipo, codigo_temp) values ( 'INICIAL - EMBARGOS DE TERCEIRO', 1, 13, 1);
insert into projudi.guia_modelo (guia_modelo, id_guia_tipo, id_proc_tipo, codigo_temp) values ( 'INICIAL - EXECUCAO', 1, 14, 1);
insert into projudi.guia_modelo (guia_modelo, id_guia_tipo, id_proc_tipo, codigo_temp) values ( 'INICIAL - ALVARA PARA VENDA DE BENS', 1, 15, 1);
insert into projudi.guia_modelo (guia_modelo, id_guia_tipo, id_proc_tipo, codigo_temp) values ( 'INICIAL - IMISSAO DE POSSE', 1, 16, 1);
insert into projudi.guia_modelo (guia_modelo, id_guia_tipo, id_proc_tipo, codigo_temp) values ( 'INICIAL - INDENIZACAO', 1, 17, 1);
insert into projudi.guia_modelo (guia_modelo, id_guia_tipo, id_proc_tipo, codigo_temp) values ( 'INICIAL - JUSTIFICACAO', 1, 18, 1);
insert into projudi.guia_modelo (guia_modelo, id_guia_tipo, id_proc_tipo, codigo_temp) values ( 'INICIAL - NUNCIACAO DE OBRA NOVA', 1, 19, 1);
insert into projudi.guia_modelo (guia_modelo, id_guia_tipo, id_proc_tipo, codigo_temp) values ( 'INICIAL - NOTIFICACAO', 1, 20, 1);
insert into projudi.guia_modelo (guia_modelo, id_guia_tipo, id_proc_tipo, codigo_temp) values ( 'INICIAL - PROTESTO JUDICIAL', 1, 21, 1);
insert into projudi.guia_modelo (guia_modelo, id_guia_tipo, id_proc_tipo, codigo_temp) values ( 'INICIAL - REINTEGRACAO DE POSSE', 1, 22, 1);
insert into projudi.guia_modelo (guia_modelo, id_guia_tipo, id_proc_tipo, codigo_temp) values ( 'INICIAL - REIVINDICACAO', 1, 23, 1);
insert into projudi.guia_modelo (guia_modelo, id_guia_tipo, id_proc_tipo, codigo_temp) values ( 'INICIAL - RESCISAO CONTRATUAL', 1, 24, 1);
insert into projudi.guia_modelo (guia_modelo, id_guia_tipo, id_proc_tipo, codigo_temp) values ( 'INICIAL - POSSESSORIA', 1, 25, 1);
insert into projudi.guia_modelo (guia_modelo, id_guia_tipo, id_proc_tipo, codigo_temp) values ( 'INICIAL - SUSTACAO DE PROTESTO', 1, 26, 1);
insert into projudi.guia_modelo (guia_modelo, id_guia_tipo, id_proc_tipo, codigo_temp) values ( 'INICIAL - NULIDADE DE ATO JURIDICO', 1, 27, 1);
insert into projudi.guia_modelo (guia_modelo, id_guia_tipo, id_proc_tipo, codigo_temp) values ( 'INICIAL - ORDINARIA', 1, 28, 1);
insert into projudi.guia_modelo (guia_modelo, id_guia_tipo, id_proc_tipo, codigo_temp) values ( 'INICIAL - DECLARACAO DE AUSENCIA', 1, 29, 1);
insert into projudi.guia_modelo (guia_modelo, id_guia_tipo, id_proc_tipo, codigo_temp) values ( 'INICIAL - ANULATORIA', 1, 30, 1);
insert into projudi.guia_modelo (guia_modelo, id_guia_tipo, id_proc_tipo, codigo_temp) values ( 'INICIAL - ENRIQUECIMENTO ILICITO', 1, 31, 1);
insert into projudi.guia_modelo (guia_modelo, id_guia_tipo, id_proc_tipo, codigo_temp) values ( 'INICIAL - PEDIDO DE HOMOLOGACAO DE ACORDO', 1, 32, 1);
insert into projudi.guia_modelo (guia_modelo, id_guia_tipo, id_proc_tipo, codigo_temp) values ( 'INICIAL - NULIDADE', 1, 33, 1);
insert into projudi.guia_modelo (guia_modelo, id_guia_tipo, id_proc_tipo, codigo_temp) values ( 'INICIAL - EXECUCAO DE SENTENCA', 1, 34, 1);
insert into projudi.guia_modelo (guia_modelo, id_guia_tipo, id_proc_tipo, codigo_temp) values ( 'INICIAL - PERDAS E DANOS', 1, 35, 1);
insert into projudi.guia_modelo (guia_modelo, id_guia_tipo, id_proc_tipo, codigo_temp) values ( 'INICIAL - REPARACAO DE DANOS', 1, 36, 1);
insert into projudi.guia_modelo (guia_modelo, id_guia_tipo, id_proc_tipo, codigo_temp) values ( 'INICIAL - RESTITUICAO DE INDEBITOS', 1, 37, 1);
insert into projudi.guia_modelo (guia_modelo, id_guia_tipo, id_proc_tipo, codigo_temp) values ( 'INICIAL - NULIDADE TITULO CAMBIAL', 1, 38, 1);
insert into projudi.guia_modelo (guia_modelo, id_guia_tipo, id_proc_tipo, codigo_temp) values ( 'INICIAL - MANDADO DE SEGURANCA', 1, 39, 1);
insert into projudi.guia_modelo (guia_modelo, id_guia_tipo, id_proc_tipo, codigo_temp) values ( 'INICIAL - ALIENACAO JUDICIAL', 1, 40, 1);
insert into projudi.guia_modelo (guia_modelo, id_guia_tipo, id_proc_tipo, codigo_temp) values ( 'INICIAL - EMBARGOS A EXECUCAO', 1, 41, 1);
insert into projudi.guia_modelo (guia_modelo, id_guia_tipo, id_proc_tipo, codigo_temp) values ( 'INICIAL - CARTA PRECATORIA', 1, 42, 1);
insert into projudi.guia_modelo (guia_modelo, id_guia_tipo, id_proc_tipo, codigo_temp) values ( 'INICIAL - SEPARACAO CONSENSUAL', 1, 43, 1);
insert into projudi.guia_modelo (guia_modelo, id_guia_tipo, id_proc_tipo, codigo_temp) values ( 'INICIAL - DIVORCIO CONSENSUAL', 1, 44, 1);
insert into projudi.guia_modelo (guia_modelo, id_guia_tipo, id_proc_tipo, codigo_temp) values ( 'INICIAL - CANCELAMENTO DE PROTESTO', 1, 45, 1);
insert into projudi.guia_modelo (guia_modelo, id_guia_tipo, id_proc_tipo, codigo_temp) values ( 'INICIAL - DESPEJO', 1, 46, 1);
insert into projudi.guia_modelo (guia_modelo, id_guia_tipo, id_proc_tipo, codigo_temp) values ( 'INICIAL - EXCECAO DE INCOMPETENCIA', 1, 47, 1);
insert into projudi.guia_modelo (guia_modelo, id_guia_tipo, id_proc_tipo, codigo_temp) values ( 'INICIAL - MEDIDA CAUTELAR', 1, 48, 1);
insert into projudi.guia_modelo (guia_modelo, id_guia_tipo, id_proc_tipo, codigo_temp) values ( 'INICIAL - ANULACAO DE ATO JURIDICO', 1, 49, 1);
insert into projudi.guia_modelo (guia_modelo, id_guia_tipo, id_proc_tipo, codigo_temp) values ( 'INICIAL - REVISIONAL DE LOCACAO', 1, 50, 1);
insert into projudi.guia_modelo (guia_modelo, id_guia_tipo, id_proc_tipo, codigo_temp) values ( 'INICIAL - CANCELAMENTO DE TRANSCRICAO DE CONTRATO DE COMPRA E VENDA', 1, 51, 1);
insert into projudi.guia_modelo (guia_modelo, id_guia_tipo, id_proc_tipo, codigo_temp) values ( 'INICIAL - INDENIZACAO POR ACIDENTE DE TRABALHO', 1, 52, 1);
insert into projudi.guia_modelo (guia_modelo, id_guia_tipo, id_proc_tipo, codigo_temp) values ( 'INICIAL - ANTECIPACAO DE PROVAS', 1, 53, 1);
insert into projudi.guia_modelo (guia_modelo, id_guia_tipo, id_proc_tipo, codigo_temp) values ( 'INICIAL - DEPOSITO', 1, 54, 1);
insert into projudi.guia_modelo (guia_modelo, id_guia_tipo, id_proc_tipo, codigo_temp) values ( 'INICIAL - NAO PREVISTA', 1, 55, 1);
insert into projudi.guia_modelo (guia_modelo, id_guia_tipo, id_proc_tipo, codigo_temp) values ( 'INICIAL - RESTITUICAO DE MERCADORIA', 1, 56, 1);
insert into projudi.guia_modelo (guia_modelo, id_guia_tipo, id_proc_tipo, codigo_temp) values ( 'INICIAL - ALVARA JUDICIAL', 1, 57, 1);
insert into projudi.guia_modelo (guia_modelo, id_guia_tipo, id_proc_tipo, codigo_temp) values ( 'INICIAL - DESPEJO COM PEDIDO DE LIMINAR', 1, 58, 1);
insert into projudi.guia_modelo (guia_modelo, id_guia_tipo, id_proc_tipo, codigo_temp) values ( 'INICIAL - HABILITACAO INCIDENTAL', 1, 59, 1);
insert into projudi.guia_modelo (guia_modelo, id_guia_tipo, id_proc_tipo, codigo_temp) values ( 'INICIAL - CAUTELAR INOMINADA', 1, 60, 1);
insert into projudi.guia_modelo (guia_modelo, id_guia_tipo, id_proc_tipo, codigo_temp) values ( 'INICIAL - AGRAVO', 1, 61, 1);
insert into projudi.guia_modelo (guia_modelo, id_guia_tipo, id_proc_tipo, codigo_temp) values ( 'INICIAL - RESSARCIMENTO', 1, 62, 1);
insert into projudi.guia_modelo (guia_modelo, id_guia_tipo, id_proc_tipo, codigo_temp) values ( 'INICIAL - REPETICAO DE INDEBITOS', 1, 63, 1);
insert into projudi.guia_modelo (guia_modelo, id_guia_tipo, id_proc_tipo, codigo_temp) values ( 'INICIAL - EMBARGOS', 1, 64, 1);
insert into projudi.guia_modelo (guia_modelo, id_guia_tipo, id_proc_tipo, codigo_temp) values ( 'INICIAL - RESTITUICAO', 1, 65, 1);
insert into projudi.guia_modelo (guia_modelo, id_guia_tipo, id_proc_tipo, codigo_temp) values ( 'INICIAL - COBRANCA DE HONORARIOS', 1, 66, 1);
insert into projudi.guia_modelo (guia_modelo, id_guia_tipo, id_proc_tipo, codigo_temp) values ( 'INICIAL - RESCISORIA', 1, 67, 1);
insert into projudi.guia_modelo (guia_modelo, id_guia_tipo, id_proc_tipo, codigo_temp) values ( 'INICIAL - ACAO SUMARISSIMA', 1, 68, 1);
insert into projudi.guia_modelo (guia_modelo, id_guia_tipo, id_proc_tipo, codigo_temp) values ( 'INICIAL - RESTITUICAO DE IMPORTANCIAS PAGAS', 1, 69, 1);
insert into projudi.guia_modelo (guia_modelo, id_guia_tipo, id_proc_tipo, codigo_temp) values ( 'INICIAL - ESTIMATORIA (QUANTI MINORIS)', 1, 70, 1);
insert into projudi.guia_modelo (guia_modelo, id_guia_tipo, id_proc_tipo, codigo_temp) values ( 'INICIAL - LIQUIDACAO DE SENTENCA', 1, 71, 1);
insert into projudi.guia_modelo (guia_modelo, id_guia_tipo, id_proc_tipo, codigo_temp) values ( 'INICIAL - DESOBRIGACAO DE PAGAMENTO INDEVIDO', 1, 72, 1);
insert into projudi.guia_modelo (guia_modelo, id_guia_tipo, id_proc_tipo, codigo_temp) values ( 'INICIAL - EXECUCAO CONTRA A FAZENDA PUBLICA', 1, 73, 1);
insert into projudi.guia_modelo (guia_modelo, id_guia_tipo, id_proc_tipo, codigo_temp) values ( 'INICIAL - APELACAO', 1, 74, 1);
insert into projudi.guia_modelo (guia_modelo, id_guia_tipo, id_proc_tipo, codigo_temp) values ( 'INICIAL - CARTA DE ORDEM', 1, 75, 1);
insert into projudi.guia_modelo (guia_modelo, id_guia_tipo, id_proc_tipo, codigo_temp) values ( 'INICIAL - EXTINCAO DAS OBRIGACOES', 1, 76, 1);
insert into projudi.guia_modelo (guia_modelo, id_guia_tipo, id_proc_tipo, codigo_temp) values ( 'INICIAL - COBRANCA DE TAXA DE CONDOMINIO', 1, 77, 1);
insert into projudi.guia_modelo (guia_modelo, id_guia_tipo, id_proc_tipo, codigo_temp) values ( 'INICIAL - EXECUCAO DAS OBRIGACOES DE FAZER', 1, 78, 1);
insert into projudi.guia_modelo (guia_modelo, id_guia_tipo, id_proc_tipo, codigo_temp) values ( 'INICIAL - EXECUCAO DAS OBRIGACOES DE NAO FAZER', 1, 79, 1);
insert into projudi.guia_modelo (guia_modelo, id_guia_tipo, id_proc_tipo, codigo_temp) values ( 'INICIAL - EXECUCAO PARA ENTREGA DE COISAS', 1, 80, 1);
insert into projudi.guia_modelo (guia_modelo, id_guia_tipo, id_proc_tipo, codigo_temp) values ( 'INICIAL - EXECUCAO PROVISORIA DE SENTENCA', 1, 81, 1);
insert into projudi.guia_modelo (guia_modelo, id_guia_tipo, id_proc_tipo, codigo_temp) values ( 'INICIAL - FRAUDE DE LEGITIMA', 1, 82, 1);
insert into projudi.guia_modelo (guia_modelo, id_guia_tipo, id_proc_tipo, codigo_temp) values ( 'INICIAL - HOMOLOGACAO DE PENHOR LEGAL', 1, 83, 1);
insert into projudi.guia_modelo (guia_modelo, id_guia_tipo, id_proc_tipo, codigo_temp) values ( 'INICIAL - REPARACAO DE DANOS POR ACIDENTE DE VEICULO', 1, 84, 1);
insert into projudi.guia_modelo (guia_modelo, id_guia_tipo, id_proc_tipo, codigo_temp) values ( 'INICIAL - USUCAPIAO (BEM MOVEL)', 1, 85, 1);
insert into projudi.guia_modelo (guia_modelo, id_guia_tipo, id_proc_tipo, codigo_temp) values ( 'INICIAL - QUEIXA-CRIME', 1, 86, 1);
insert into projudi.guia_modelo (guia_modelo, id_guia_tipo, id_proc_tipo, codigo_temp) values ( 'INICIAL - REVISIONAL', 1, 87, 1);
insert into projudi.guia_modelo (guia_modelo, id_guia_tipo, id_proc_tipo, codigo_temp) values ( 'INICIAL - OBRIGACAO DE FAZER', 1, 88, 1);
insert into projudi.guia_modelo (guia_modelo, id_guia_tipo, id_proc_tipo, codigo_temp) values ( 'INICIAL - CANCELAMENTO DE REGISTRO', 1, 89, 1);
insert into projudi.guia_modelo (guia_modelo, id_guia_tipo, id_proc_tipo, codigo_temp) values ( 'INICIAL - RETIFICACAO', 1, 90, 1);
insert into projudi.guia_modelo (guia_modelo, id_guia_tipo, id_proc_tipo, codigo_temp) values ( 'INICIAL - IMPUGNACAO BENEFICIO DA ASSISTENCIA JUDICIARIA', 1, 91, 1);
insert into projudi.guia_modelo (guia_modelo, id_guia_tipo, id_proc_tipo, codigo_temp) values ( 'INICIAL - ACAO MONITORIA', 1, 92, 1);
insert into projudi.guia_modelo (guia_modelo, id_guia_tipo, id_proc_tipo, codigo_temp) values ( 'INICIAL - EXCECAO DE COISA JULGADA', 1, 93, 1);
insert into projudi.guia_modelo (guia_modelo, id_guia_tipo, id_proc_tipo, codigo_temp) values ( 'INICIAL - MANDADO DE SEGURANCA', 1, 94, 1);
insert into projudi.guia_modelo (guia_modelo, id_guia_tipo, id_proc_tipo, codigo_temp) values ( 'INICIAL - TERMO CIRCUNSTANCIADO DE OCORRENCIA', 1, 95, 1);
insert into projudi.guia_modelo (guia_modelo, id_guia_tipo, id_proc_tipo, codigo_temp) values ( 'INICIAL - COBRANCA', 1, 96, 1);
insert into projudi.guia_modelo (guia_modelo, id_guia_tipo, id_proc_tipo, codigo_temp) values ( 'INICIAL - INFORMACAO', 1, 97, 1);
insert into projudi.guia_modelo (guia_modelo, id_guia_tipo, id_proc_tipo, codigo_temp) values ( 'INICIAL - SOLICITACAO', 1, 98, 1);
insert into projudi.guia_modelo (guia_modelo, id_guia_tipo, id_proc_tipo, codigo_temp) values ( 'INICIAL - ALVARA DE LIBERACAO', 1, 99, 1);
insert into projudi.guia_modelo (guia_modelo, id_guia_tipo, id_proc_tipo, codigo_temp) values ( 'INICIAL - AUTORIZACAO JUDICIAL', 1, 100, 1);
insert into projudi.guia_modelo (guia_modelo, id_guia_tipo, id_proc_tipo, codigo_temp) values ( 'INICIAL - ANULACAO DE ATO ADMINISTRATIVO', 1, 101, 1);
insert into projudi.guia_modelo (guia_modelo, id_guia_tipo, id_proc_tipo, codigo_temp) values ( 'INICIAL - ORDINARIA', 1, 102, 1);
insert into projudi.guia_modelo (guia_modelo, id_guia_tipo, id_proc_tipo, codigo_temp) values ( 'INICIAL - REVISIONAL CLAUSULAS CONTRATUAIS C/C REST.IMPORTANCIAS PAGAS C/PED.LIM', 1, 103, 1);
insert into projudi.guia_modelo (guia_modelo, id_guia_tipo, id_proc_tipo, codigo_temp) values ( 'INICIAL - CONVERSÃO EM DIVORCIO', 1, 104, 1);
insert into projudi.guia_modelo (guia_modelo, id_guia_tipo, id_proc_tipo, codigo_temp) values ( 'INICIAL - EMBARGOS DE TERCEIRO ( CPC )', 1, 105, 1);
insert into projudi.guia_modelo (guia_modelo, id_guia_tipo, id_proc_tipo, codigo_temp) values ( 'INICIAL - RESTAURAÇÃO DE AUTOS ( CPC )', 1, 106, 1);
insert into projudi.guia_modelo (guia_modelo, id_guia_tipo, id_proc_tipo, codigo_temp) values ( 'INICIAL - ALVARÁ JUDICIAL - LEI 6858/80 ( L.E )', 1, 107, 1);
insert into projudi.guia_modelo (guia_modelo, id_guia_tipo, id_proc_tipo, codigo_temp) values ( 'INICIAL - DESPEJO ( L.E. )', 1, 108, 1);
insert into projudi.guia_modelo (guia_modelo, id_guia_tipo, id_proc_tipo, codigo_temp) values ( 'INICIAL - DESPEJO POR FALTA DE PAGAMENTO ( L.E )', 1, 109, 1);
insert into projudi.guia_modelo (guia_modelo, id_guia_tipo, id_proc_tipo, codigo_temp) values ( 'INICIAL - DESPEJO POR FALTA DE PAGAMENTO CUMULADO COM COBRANÇA ( L.E )', 1, 110, 1);
insert into projudi.guia_modelo (guia_modelo, id_guia_tipo, id_proc_tipo, codigo_temp) values ( 'INICIAL - HOMOLOGAÇÃO DE TRANSAÇÃO EXTRAJUDICIAL ( L.E.; CPC )', 1, 111, 1);
insert into projudi.guia_modelo (guia_modelo, id_guia_tipo, id_proc_tipo, codigo_temp) values ( 'INICIAL - CUMPRIMENTO DE SENTENÇA ( CPC )', 1, 112, 1);
insert into projudi.guia_modelo (guia_modelo, id_guia_tipo, id_proc_tipo, codigo_temp) values ( 'INICIAL - CUMPRIMENTO PROVISÓRIO DE SENTENÇA ( CPC )', 1, 113, 1);
insert into projudi.guia_modelo (guia_modelo, id_guia_tipo, id_proc_tipo, codigo_temp) values ( 'INICIAL - EXECUÇÃO DE TÍTULO EXTRAJUDICIAL ( L.E. )', 1, 114, 1);
insert into projudi.guia_modelo (guia_modelo, id_guia_tipo, id_proc_tipo, codigo_temp) values ( 'INICIAL - EMBARGOS DE RETENÇÃO POR BENFEITORIAS ( CPC )', 1, 115, 1);
insert into projudi.guia_modelo (guia_modelo, id_guia_tipo, id_proc_tipo, codigo_temp) values ( 'INICIAL - JUSTIFICAÇÃO ( CPC )', 1, 116, 1);
insert into projudi.guia_modelo (guia_modelo, id_guia_tipo, id_proc_tipo, codigo_temp) values ( 'INICIAL - AGRAVO DE INSTRUMENTO ( CPC )', 1, 117, 1);
insert into projudi.guia_modelo (guia_modelo, id_guia_tipo, id_proc_tipo, codigo_temp) values ( 'INICIAL - AGRAVO DE INSTRUMENTO EM RECURSO EXTRAORDINÁRIO ( CPC )', 1, 118, 1);
insert into projudi.guia_modelo (guia_modelo, id_guia_tipo, id_proc_tipo, codigo_temp) values ( 'INICIAL - ASSISTÊNCIA JUDICIÁRIA ( LEI 1060/50 )', 1, 119, 1);
insert into projudi.guia_modelo (guia_modelo, id_guia_tipo, id_proc_tipo, codigo_temp) values ( 'INICIAL - EXIBIÇÃO DE DOCUMENTO OU COISA ( CPC )', 1, 120, 1);
insert into projudi.guia_modelo (guia_modelo, id_guia_tipo, id_proc_tipo, codigo_temp) values ( 'INICIAL - IMPUGNAÇÃO AO CUMPRIMENTO DE SENTENÇA ( CPC )', 1, 121, 1);
insert into projudi.guia_modelo (guia_modelo, id_guia_tipo, id_proc_tipo, codigo_temp) values ( 'INICIAL - PETIÇÃO', 1, 122, 1);
insert into projudi.guia_modelo (guia_modelo, id_guia_tipo, id_proc_tipo, codigo_temp) values ( 'INICIAL - CARTA PRECATÓRIA ( CPC )', 1, 123, 1);
insert into projudi.guia_modelo (guia_modelo, id_guia_tipo, id_proc_tipo, codigo_temp) values ( 'INICIAL - NOTÍCIA-CRIME ( CPP )', 1, 124, 1);
insert into projudi.guia_modelo (guia_modelo, id_guia_tipo, id_proc_tipo, codigo_temp) values ( 'INICIAL - REPRESENTAÇÃO CRIMINAL ( CPP )', 1, 125, 1);
insert into projudi.guia_modelo (guia_modelo, id_guia_tipo, id_proc_tipo, codigo_temp) values ( 'INICIAL - PEDIDO DE ARQUIVAMENTO EM REPRESENTAÇÃO CRIMINAL ( CPP )', 1, 126, 1);
insert into projudi.guia_modelo (guia_modelo, id_guia_tipo, id_proc_tipo, codigo_temp) values ( 'INICIAL - NOTIFICAÇÃO PARA EXPLICAÇÕES ( CP )', 1, 127, 1);
insert into projudi.guia_modelo (guia_modelo, id_guia_tipo, id_proc_tipo, codigo_temp) values ( 'INICIAL - TERMO CIRCUNSTANCIADO ( LEI ESPARSA )', 1, 128, 1);
insert into projudi.guia_modelo (guia_modelo, id_guia_tipo, id_proc_tipo, codigo_temp) values ( 'INICIAL - INQUÉRITO POLICIAL ( CPP )', 1, 129, 1);
insert into projudi.guia_modelo (guia_modelo, id_guia_tipo, id_proc_tipo, codigo_temp) values ( 'INICIAL - AUTO DE PRISÃO EM FLAGRANTE ( CF )', 1, 130, 1);
insert into projudi.guia_modelo (guia_modelo, id_guia_tipo, id_proc_tipo, codigo_temp) values ( 'INICIAL - CRIMES DE RESPONSABILIDADE DOS FUNCIONÁRIOS PÚBLICOS ( CPP E L.E )', 1, 131, 1);
insert into projudi.guia_modelo (guia_modelo, id_guia_tipo, id_proc_tipo, codigo_temp) values ( 'INICIAL - CRIMES DE CALÚNIA, INJÚRIA E DIFAMAÇÃO DE COMPETÊNCIA DO JUIZ SINGULAR ( CPP )', 1, 132, 1);
insert into projudi.guia_modelo (guia_modelo, id_guia_tipo, id_proc_tipo, codigo_temp) values ( 'INICIAL - CRIMES CONTRA A PROPRIEDADE IMATERIAL ( CPP )', 1, 133, 1);
insert into projudi.guia_modelo (guia_modelo, id_guia_tipo, id_proc_tipo, codigo_temp) values ( 'INICIAL - RESTAURAÇÃO DE AUTOS ( CPP )', 1, 134, 1);
insert into projudi.guia_modelo (guia_modelo, id_guia_tipo, id_proc_tipo, codigo_temp) values ( 'INICIAL - CRIMES AMBIENTAIS ( L.E )', 1, 135, 1);
insert into projudi.guia_modelo (guia_modelo, id_guia_tipo, id_proc_tipo, codigo_temp) values ( 'INICIAL - CRIMES CONTRA A PROPRIEDADE INDUSTRIAL ( L.9.279/96 )', 1, 136, 1);
insert into projudi.guia_modelo (guia_modelo, id_guia_tipo, id_proc_tipo, codigo_temp) values ( 'INICIAL - CRIMES CONTRA A PROPRIEDADE INTELECTUAL ( L.9.609/98 )', 1, 137, 1);
insert into projudi.guia_modelo (guia_modelo, id_guia_tipo, id_proc_tipo, codigo_temp) values ( 'INICIAL - CRIMES DE IMPRENSA ( L.E )', 1, 138, 1);
insert into projudi.guia_modelo (guia_modelo, id_guia_tipo, id_proc_tipo, codigo_temp) values ( 'INICIAL - PROCEDIMENTO DO JUIZADO ESPECIAL CRIMINAL - SUMARIÍSSIMO ( L.E. )', 1, 139, 1);
insert into projudi.guia_modelo (guia_modelo, id_guia_tipo, id_proc_tipo, codigo_temp) values ( 'INICIAL - PROCEDIMENTO ESPECIAL DA LEI ANTITÓXICOS ( 11.343 )', 1, 140, 1);
insert into projudi.guia_modelo (guia_modelo, id_guia_tipo, id_proc_tipo, codigo_temp) values ( 'INICIAL - PROCEDIMENTO ESPECIAL DOS CRIMES DE ABUSO DE AUTORIDADE ( L.E )', 1, 141, 1);
insert into projudi.guia_modelo (guia_modelo, id_guia_tipo, id_proc_tipo, codigo_temp) values ( 'INICIAL - LIBERDADE PROVISÓRIA COM OU SEM FIANÇA ( CPP )', 1, 142, 1);
insert into projudi.guia_modelo (guia_modelo, id_guia_tipo, id_proc_tipo, codigo_temp) values ( 'INICIAL - RELAXAMENTO DE PRISÃO ( CPP )', 1, 143, 1);
insert into projudi.guia_modelo (guia_modelo, id_guia_tipo, id_proc_tipo, codigo_temp) values ( 'INICIAL - HABEAS CORPUS ( CF; CPP )', 1, 144, 1);
insert into projudi.guia_modelo (guia_modelo, id_guia_tipo, id_proc_tipo, codigo_temp) values ( 'INICIAL - PEDIDO DE BUSCA E APREENSÃO CRIMINAL ( CPP )', 1, 145, 1);
insert into projudi.guia_modelo (guia_modelo, id_guia_tipo, id_proc_tipo, codigo_temp) values ( 'INICIAL - PEDIDO DE PRISÃO PREVENTIVA ( CPP )', 1, 146, 1);
insert into projudi.guia_modelo (guia_modelo, id_guia_tipo, id_proc_tipo, codigo_temp) values ( 'INICIAL - EXCEÇÃO DE SUSPEIÇÃO ( CPP )', 1, 147, 1);
insert into projudi.guia_modelo (guia_modelo, id_guia_tipo, id_proc_tipo, codigo_temp) values ( 'INICIAL - EXCEÇÃO DE INCOMPETÊNCIA DE JUÍZO ( CPP )', 1, 148, 1);
insert into projudi.guia_modelo (guia_modelo, id_guia_tipo, id_proc_tipo, codigo_temp) values ( 'INICIAL - LITISPENDÊNCIA ( CPP )', 1, 149, 1);
insert into projudi.guia_modelo (guia_modelo, id_guia_tipo, id_proc_tipo, codigo_temp) values ( 'INICIAL - ILEGITIMIDADE DE PARTE ( CPP )', 1, 150, 1);
insert into projudi.guia_modelo (guia_modelo, id_guia_tipo, id_proc_tipo, codigo_temp) values ( 'INICIAL - COISA JULGADA ( CPP )', 1, 151, 1);
insert into projudi.guia_modelo (guia_modelo, id_guia_tipo, id_proc_tipo, codigo_temp) values ( 'INICIAL - EXCEÇÃO DE IMPEDIMENTO ( CPP )', 1, 152, 1);
insert into projudi.guia_modelo (guia_modelo, id_guia_tipo, id_proc_tipo, codigo_temp) values ( 'INICIAL - EXCEÇÃO DA VERDADE ( CPP )', 1, 153, 1);
insert into projudi.guia_modelo (guia_modelo, id_guia_tipo, id_proc_tipo, codigo_temp) values ( 'INICIAL - RESTITUIÇÃO DE COISAS APREENDIDAS ( CPP )', 1, 154, 1);
insert into projudi.guia_modelo (guia_modelo, id_guia_tipo, id_proc_tipo, codigo_temp) values ( 'INICIAL - EMBARGOS DE TERCEIRO ( CPP )', 1, 155, 1);
insert into projudi.guia_modelo (guia_modelo, id_guia_tipo, id_proc_tipo, codigo_temp) values ( 'INICIAL - CARTA DE ORDEM ( CPC - APLICAÇÃO ANALÓGICA )', 1, 156, 1);
insert into projudi.guia_modelo (guia_modelo, id_guia_tipo, id_proc_tipo, codigo_temp) values ( 'INICIAL - CARTA PRECATÓRIA ( CPP )', 1, 157, 1);
insert into projudi.guia_modelo (guia_modelo, id_guia_tipo, id_proc_tipo, codigo_temp) values ( 'INICIAL - APELAÇÃO ( CPP E L.E )', 1, 158, 1);
insert into projudi.guia_modelo (guia_modelo, id_guia_tipo, id_proc_tipo, codigo_temp) values ( 'INICIAL - EMBARGOS DE DECLARAÇÃO ( CPP )', 1, 159, 1);
insert into projudi.guia_modelo (guia_modelo, id_guia_tipo, id_proc_tipo, codigo_temp) values ( 'INICIAL - RECURSO DE MEDIDA CAUTELAR ( L.E )', 1, 160, 1);
insert into projudi.guia_modelo (guia_modelo, id_guia_tipo, id_proc_tipo, codigo_temp) values ( 'INICIAL - RECURSO DE SENTENÇA CRIMINAL ( LEI ESPARSA )', 1, 161, 1);
insert into projudi.guia_modelo (guia_modelo, id_guia_tipo, id_proc_tipo, codigo_temp) values ( 'INICIAL - PROCEDIMENTO DO JUIZADO ESPECIAL CÍVEL ( LEIS 9099/95 E 10259/01 )', 1, 162, 1);
insert into projudi.guia_modelo (guia_modelo, id_guia_tipo, id_proc_tipo, codigo_temp) values ( 'INICIAL - RECURSO INOMINADO ( L.E. )', 1, 163, 1);
insert into projudi.guia_modelo (guia_modelo, id_guia_tipo, id_proc_tipo, codigo_temp) values ( 'INICIAL - EXCEÇÃO DE IMPEDIMENTO ( CPC )', 1, 164, 1);
insert into projudi.guia_modelo (guia_modelo, id_guia_tipo, id_proc_tipo, codigo_temp) values ( 'INICIAL - EXCEÇÃO DE SUSPEIÇÃO ( CPC )', 1, 165, 1);
insert into projudi.guia_modelo (guia_modelo, id_guia_tipo, id_proc_tipo, codigo_temp) values ( 'INICIAL - EXCEÇÃO DE INCOMPETÊNCIA ( CPC )', 1, 166, 1);
insert into projudi.guia_modelo (guia_modelo, id_guia_tipo, id_proc_tipo, codigo_temp) values ( 'INICIAL - HABEAS CORPUS ( CF E LIVRO III, TÍTULO II, CAPÍTULO X DO CÓDIGO DE PROCESSO PENAL )', 1, 167, 1);
insert into projudi.guia_modelo (guia_modelo, id_guia_tipo, id_proc_tipo, codigo_temp) values ( 'INICIAL - PROCESSOS CAUTELARES ( L 8069/90 )', 1, 168, 1);
insert into projudi.guia_modelo (guia_modelo, id_guia_tipo, id_proc_tipo, codigo_temp) values ( 'INICIAL - EMBARGOS DE DECLARAÇÃO ( CPC )', 1, 169, 1);
insert into projudi.guia_modelo (guia_modelo, id_guia_tipo, id_proc_tipo, codigo_temp) values ( 'INICIAL - NOMEAÇÃO DE ADVOGADO ( LEI 1060/50 )', 1, 170, 1);
insert into projudi.guia_modelo (guia_modelo, id_guia_tipo, id_proc_tipo, codigo_temp) values ( 'INICIAL - IMPUGNAÇÃO DE ASSISTÊNCIA JUDICIÁRIA ( LEI 1060/50 )', 1, 171, 1);
insert into projudi.guia_modelo (guia_modelo, id_guia_tipo, id_proc_tipo, codigo_temp) values ( 'INICIAL - REINTEGRAÇÃO / MANUTENÇÃO DE POSSE ( CPC )', 1, 172, 1);
insert into projudi.guia_modelo (guia_modelo, id_guia_tipo, id_proc_tipo, codigo_temp) values ( 'INICIAL - INTERDITO PROIBITÓRIO ( CPC )', 1, 173, 1);
insert into projudi.guia_modelo (guia_modelo, id_guia_tipo, id_proc_tipo, codigo_temp) values ( 'INICIAL - MANDADO DE SEGURANÇA (CF; LEI 1533/51)', 1, 174, 1);
insert into projudi.guia_modelo (guia_modelo, id_guia_tipo, id_proc_tipo, codigo_temp) values ( 'INICIAL - PETIÇÃO', 1, 175, 1);
insert into projudi.guia_modelo (guia_modelo, id_guia_tipo, id_proc_tipo, codigo_temp) values ( 'INICIAL - PROCEDIMENTO INVESTIGATÓRIO DO MP (PEÇAS DE INFORMAÇÃO) ( CPP )', 1, 176, 1);
insert into projudi.guia_modelo (guia_modelo, id_guia_tipo, id_proc_tipo, codigo_temp) values ( 'INICIAL - SEPARAÇÃO CONSENSUAL', 1, 177, 1);
insert into projudi.guia_modelo (guia_modelo, id_guia_tipo, id_proc_tipo, codigo_temp) values ( 'INICIAL - ALIMENTOS - LEI ESPECIAL Nº 5.478/68', 1, 178, 1);
insert into projudi.guia_modelo (guia_modelo, id_guia_tipo, id_proc_tipo, codigo_temp) values ( 'INICIAL - CONVERSÃO DE SEPARAÇÃO JUDICIAL EM DIVÓRCIO', 1, 179, 1);
insert into projudi.guia_modelo (guia_modelo, id_guia_tipo, id_proc_tipo, codigo_temp) values ( 'INICIAL - DIVÓRCIO CONSENSUAL', 1, 180, 1);
insert into projudi.guia_modelo (guia_modelo, id_guia_tipo, id_proc_tipo, codigo_temp) values ( 'INICIAL - MANDADO DE SEGURANÇA (CF; LEI 12016/2009)', 1, 181, 1);
insert into projudi.guia_modelo (guia_modelo, id_guia_tipo, id_proc_tipo, codigo_temp) values ( 'INICIAL - EMBARGOS À EXECUÇÃO', 1, 182, 1);
insert into projudi.guia_modelo (guia_modelo, id_guia_tipo, id_proc_tipo, codigo_temp) values ( 'INICIAL - EXECUÇÃO DE ALIMENTOS', 1, 183, 1);
insert into projudi.guia_modelo (guia_modelo, id_guia_tipo, id_proc_tipo, codigo_temp) values ( 'INICIAL - EXECUÇÃO FISCAL', 1, 184, 1);
insert into projudi.guia_modelo (guia_modelo, id_guia_tipo, id_proc_tipo, codigo_temp) values ( 'INICIAL - RETIFICAÇÃO OU SUPRIMENTO OU RESTAURAÇÃO DE REGISTRO CIVIL', 1, 185, 1);
insert into projudi.guia_modelo (guia_modelo, id_guia_tipo, id_proc_tipo, codigo_temp) values ( 'INICIAL - APELAÇÃO (CPC)', 1, 186, 1);
insert into projudi.guia_modelo (guia_modelo, id_guia_tipo, id_proc_tipo, codigo_temp) values ( 'INICIAL - MEDIDAS PROTETIVAS DE URGÊNCIA (LEI MARIA DA PENHA)', 1, 187, 1);
insert into projudi.guia_modelo (guia_modelo, id_guia_tipo, id_proc_tipo, codigo_temp) values ( 'INICIAL - PROCEDIMENTO ORDINÁRIO ( CPC )', 1, 188, 1);
insert into projudi.guia_modelo (guia_modelo, id_guia_tipo, id_proc_tipo, codigo_temp) values ( 'INICIAL - PROCEDIMENTO SUMÁRIO ( CPC )', 1, 189, 1);
insert into projudi.guia_modelo (guia_modelo, id_guia_tipo, id_proc_tipo, codigo_temp) values ( 'INICIAL - ANULAÇÃO E SUBSTITUIÇÃO DE TÍTULOS AO PORTADOR ( CPC )', 1, 190, 1);
insert into projudi.guia_modelo (guia_modelo, id_guia_tipo, id_proc_tipo, codigo_temp) values ( 'INICIAL - APREENSÃO E DEPÓSITO DE COISA VENDIDA COM RESERVA DE DOMÍNIO ( CPC )', 1, 191, 1);
insert into projudi.guia_modelo (guia_modelo, id_guia_tipo, id_proc_tipo, codigo_temp) values ( 'INICIAL - ARROLAMENTO COMUM ( CPC )', 1, 192, 1);
insert into projudi.guia_modelo (guia_modelo, id_guia_tipo, id_proc_tipo, codigo_temp) values ( 'INICIAL - ARROLAMENTO SUMÁRIO ( CPC )', 1, 193, 1);
insert into projudi.guia_modelo (guia_modelo, id_guia_tipo, id_proc_tipo, codigo_temp) values ( 'INICIAL - CONSIGNAÇÃO EM PAGAMENTO ( CPC )', 1, 194, 1);
insert into projudi.guia_modelo (guia_modelo, id_guia_tipo, id_proc_tipo, codigo_temp) values ( 'INICIAL - DEMARCAÇÃO / DIVISÃO ( CPC )', 1, 195, 1);
insert into projudi.guia_modelo (guia_modelo, id_guia_tipo, id_proc_tipo, codigo_temp) values ( 'INICIAL - DEPÓSITO ( CPC )', 1, 196, 1);
insert into projudi.guia_modelo (guia_modelo, id_guia_tipo, id_proc_tipo, codigo_temp) values ( 'INICIAL - HABILITAÇÃO ( CPC )', 1, 197, 1);
insert into projudi.guia_modelo (guia_modelo, id_guia_tipo, id_proc_tipo, codigo_temp) values ( 'INICIAL - INVENTÁRIO ( CPC )', 1, 198, 1);
insert into projudi.guia_modelo (guia_modelo, id_guia_tipo, id_proc_tipo, codigo_temp) values ( 'INICIAL - MONITÓRIA ( CPC )', 1, 199, 1);
insert into projudi.guia_modelo (guia_modelo, id_guia_tipo, id_proc_tipo, codigo_temp) values ( 'INICIAL - NUNCIAÇÃO DE OBRA NOVA ( CPC )', 1, 200, 1);
insert into projudi.guia_modelo (guia_modelo, id_guia_tipo, id_proc_tipo, codigo_temp) values ( 'INICIAL - PRESTAÇÃO DE CONTAS - OFERECIDAS ( CPC )', 1, 201, 1);
insert into projudi.guia_modelo (guia_modelo, id_guia_tipo, id_proc_tipo, codigo_temp) values ( 'INICIAL - PRESTAÇÃO DE CONTAS - EXIGIDAS ( CPC )', 1, 202, 1);
insert into projudi.guia_modelo (guia_modelo, id_guia_tipo, id_proc_tipo, codigo_temp) values ( 'INICIAL - SOBREPARTILHA ( CPC )', 1, 203, 1);
insert into projudi.guia_modelo (guia_modelo, id_guia_tipo, id_proc_tipo, codigo_temp) values ( 'INICIAL - USUCAPIÃO ( CPC, ART. 941 E L.6.969/81 - 5º )', 1, 204, 1);
insert into projudi.guia_modelo (guia_modelo, id_guia_tipo, id_proc_tipo, codigo_temp) values ( 'INICIAL - ABERTURA, REGISTRO E CUMPRIMENTO DE TESTAMENTO ( CPC )', 1, 205, 1);
insert into projudi.guia_modelo (guia_modelo, id_guia_tipo, id_proc_tipo, codigo_temp) values ( 'INICIAL - ALIENAÇÃO JUDICIAL DE BENS ( CPC )', 1, 206, 1);
insert into projudi.guia_modelo (guia_modelo, id_guia_tipo, id_proc_tipo, codigo_temp) values ( 'INICIAL - ARRECADAÇÃO DAS COISAS VAGAS ( CPC )', 1, 207, 1);
insert into projudi.guia_modelo (guia_modelo, id_guia_tipo, id_proc_tipo, codigo_temp) values ( 'INICIAL - CONFIRMAÇÃO DE TESTAMENTO ( CPC )', 1, 208, 1);
insert into projudi.guia_modelo (guia_modelo, id_guia_tipo, id_proc_tipo, codigo_temp) values ( 'INICIAL - DECLARAÇÃO DE AUSÊNCIA ( CPC )', 1, 209, 1);
insert into projudi.guia_modelo (guia_modelo, id_guia_tipo, id_proc_tipo, codigo_temp) values ( 'INICIAL - ESPECIALIZAÇÃO DE HIPOTECA LEGAL ( CPC )', 1, 210, 1);
insert into projudi.guia_modelo (guia_modelo, id_guia_tipo, id_proc_tipo, codigo_temp) values ( 'INICIAL - HERANÇA JACENTE ( CPC )', 1, 211, 1);
insert into projudi.guia_modelo (guia_modelo, id_guia_tipo, id_proc_tipo, codigo_temp) values ( 'INICIAL - INTERDIÇÃO ( CPC )', 1, 212, 1);
insert into projudi.guia_modelo (guia_modelo, id_guia_tipo, id_proc_tipo, codigo_temp) values ( 'INICIAL - ORGANIZAÇÃO E FISCALIZAÇÃO DE FUNDAÇÃO ( CPC )', 1, 213, 1);
insert into projudi.guia_modelo (guia_modelo, id_guia_tipo, id_proc_tipo, codigo_temp) values ( 'INICIAL - TUTELA E CURATELA -  NOMEAÇÃO ( CPC )', 1, 214, 1);
insert into projudi.guia_modelo (guia_modelo, id_guia_tipo, id_proc_tipo, codigo_temp) values ( 'INICIAL - AÇÃO CIVIL COLETIVA ( L.E. )', 1, 215, 1);
insert into projudi.guia_modelo (guia_modelo, id_guia_tipo, id_proc_tipo, codigo_temp) values ( 'INICIAL - AÇÃO CIVIL DE IMPROBIDADE ADMINISTRATIVA ( LEI 8.429/92   )', 1, 216, 1);
insert into projudi.guia_modelo (guia_modelo, id_guia_tipo, id_proc_tipo, codigo_temp) values ( 'INICIAL - AÇÃO CIVIL PÚBLICA ( L.E. )', 1, 217, 1);
insert into projudi.guia_modelo (guia_modelo, id_guia_tipo, id_proc_tipo, codigo_temp) values ( 'INICIAL - AÇÃO POPULAR ( L.E. )', 1, 218, 1);
insert into projudi.guia_modelo (guia_modelo, id_guia_tipo, id_proc_tipo, codigo_temp) values ( 'INICIAL - ALTERAÇÃO DO REGIME DE BENS ( CC )', 1, 219, 1);
insert into projudi.guia_modelo (guia_modelo, id_guia_tipo, id_proc_tipo, codigo_temp) values ( 'INICIAL - APREENSÃO DE EMBARCAÇÕES ( L.E. )', 1, 220, 1);
insert into projudi.guia_modelo (guia_modelo, id_guia_tipo, id_proc_tipo, codigo_temp) values ( 'INICIAL - ARRIBADAS FORÇADAS ( L.E. )', 1, 221, 1);
insert into projudi.guia_modelo (guia_modelo, id_guia_tipo, id_proc_tipo, codigo_temp) values ( 'INICIAL - AVARIA A CARGO DO SEGURADOR ( L.E. )', 1, 222, 1);
insert into projudi.guia_modelo (guia_modelo, id_guia_tipo, id_proc_tipo, codigo_temp) values ( 'INICIAL - AVARIAS ( L.E. )', 1, 223, 1);
insert into projudi.guia_modelo (guia_modelo, id_guia_tipo, id_proc_tipo, codigo_temp) values ( 'INICIAL - BUSCA E APREENSÃO EM ALIENAÇÃO FIDUCIÁRIA ( L.E. )', 1, 224, 1);
insert into projudi.guia_modelo (guia_modelo, id_guia_tipo, id_proc_tipo, codigo_temp) values ( 'INICIAL - CAUTELAR FISCAL ( L 8.397/92 )', 1, 225, 1);
insert into projudi.guia_modelo (guia_modelo, id_guia_tipo, id_proc_tipo, codigo_temp) values ( 'INICIAL - COBRANÇA DE CÉDULA DE CRÉDITO INDUSTRIAL ( L.E. )', 1, 226, 1);
insert into projudi.guia_modelo (guia_modelo, id_guia_tipo, id_proc_tipo, codigo_temp) values ( 'INICIAL - COMPROMISSO ARBITRAL ( L.E. )', 1, 227, 1);
insert into projudi.guia_modelo (guia_modelo, id_guia_tipo, id_proc_tipo, codigo_temp) values ( 'INICIAL - CONSIGNATÓRIA DE ALUGUÉIS ( L.E. )', 1, 228, 1);
insert into projudi.guia_modelo (guia_modelo, id_guia_tipo, id_proc_tipo, codigo_temp) values ( 'INICIAL - DEPÓSITO DA LEI 8. 866/94 ( L.E. )', 1, 229, 1);
insert into projudi.guia_modelo (guia_modelo, id_guia_tipo, id_proc_tipo, codigo_temp) values ( 'INICIAL - DESAPROPRIAÇÃO ( L.E. )', 1, 230, 1);
insert into projudi.guia_modelo (guia_modelo, id_guia_tipo, id_proc_tipo, codigo_temp) values ( 'INICIAL - DISCRIMINATÓRIA ( L.E. )', 1, 231, 1);
insert into projudi.guia_modelo (guia_modelo, id_guia_tipo, id_proc_tipo, codigo_temp) values ( 'INICIAL - DISSOLUÇÃO E LIQUIDAÇÃO DE SOCIEDADE ( L.E.; CPC )', 1, 232, 1);
insert into projudi.guia_modelo (guia_modelo, id_guia_tipo, id_proc_tipo, codigo_temp) values ( 'INICIAL - DIVÓRCIO LITIGIOSO ( L.E. )', 1, 233, 1);
insert into projudi.guia_modelo (guia_modelo, id_guia_tipo, id_proc_tipo, codigo_temp) values ( 'INICIAL - DÚVIDA ( L.E. )', 1, 234, 1);
insert into projudi.guia_modelo (guia_modelo, id_guia_tipo, id_proc_tipo, codigo_temp) values ( 'INICIAL - EXPROPRIAÇÃO DA LEI 8.257/91 ( L.E. )', 1, 235, 1);
insert into projudi.guia_modelo (guia_modelo, id_guia_tipo, id_proc_tipo, codigo_temp) values ( 'INICIAL - FALÊNCIA DE EMPRESÁRIOS, SOCIEDADES EMPRESÁRIAIS, MICROEMPRESAS E EMPRESAS DE PEQUENO PORTE ( L.E. )', 1, 236, 1);
insert into projudi.guia_modelo (guia_modelo, id_guia_tipo, id_proc_tipo, codigo_temp) values ( 'INICIAL - HABEAS DATA ( L.E. )', 1, 237, 1);
insert into projudi.guia_modelo (guia_modelo, id_guia_tipo, id_proc_tipo, codigo_temp) values ( 'INICIAL - HABILITAÇÃO DE CRÉDITO ( L.E. )', 1, 238, 1);
insert into projudi.guia_modelo (guia_modelo, id_guia_tipo, id_proc_tipo, codigo_temp) values ( 'INICIAL - IMISSÃO NA POSSE ( L.E. )', 1, 239, 1);
insert into projudi.guia_modelo (guia_modelo, id_guia_tipo, id_proc_tipo, codigo_temp) values ( 'INICIAL - IMPUGNAÇÃO DE CRÉDITO ( L.E. )', 1, 240, 1);
insert into projudi.guia_modelo (guia_modelo, id_guia_tipo, id_proc_tipo, codigo_temp) values ( 'INICIAL - INQUÉRITO EXTRAJUDICIAL ( L.E. )', 1, 241, 1);
insert into projudi.guia_modelo (guia_modelo, id_guia_tipo, id_proc_tipo, codigo_temp) values ( 'INICIAL - MANDADO DE SEGURANÇA COLETIVO ( CF; LEI 8437/92 )', 1, 242, 1);
insert into projudi.guia_modelo (guia_modelo, id_guia_tipo, id_proc_tipo, codigo_temp) values ( 'INICIAL - AVERIGUAÇÃO DE PATERNIDADE ( L.8.560/92 )', 1, 243, 1);
insert into projudi.guia_modelo (guia_modelo, id_guia_tipo, id_proc_tipo, codigo_temp) values ( 'INICIAL - PEDIDO DE RESPOSTA OU RETIFICAÇÃO DA LEI DE IMPRENSA ( L.E. )', 1, 244, 1);
insert into projudi.guia_modelo (guia_modelo, id_guia_tipo, id_proc_tipo, codigo_temp) values ( 'INICIAL - PROTESTO FORMADO A BORDO ( CPC/39 )', 1, 245, 1);
insert into projudi.guia_modelo (guia_modelo, id_guia_tipo, id_proc_tipo, codigo_temp) values ( 'INICIAL - RECUPERAÇÃO EXTRAJUDICIAL ( L.E. )', 1, 246, 1);
insert into projudi.guia_modelo (guia_modelo, id_guia_tipo, id_proc_tipo, codigo_temp) values ( 'INICIAL - RECUPERAÇÃO JUDICIAL ( L.E. )', 1, 247, 1);
insert into projudi.guia_modelo (guia_modelo, id_guia_tipo, id_proc_tipo, codigo_temp) values ( 'INICIAL - REGISTRO TORRENS ( L.E. )', 1, 248, 1);
insert into projudi.guia_modelo (guia_modelo, id_guia_tipo, id_proc_tipo, codigo_temp) values ( 'INICIAL - RELATÓRIO FALIMENTAR ( L.E. )', 1, 249, 1);
insert into projudi.guia_modelo (guia_modelo, id_guia_tipo, id_proc_tipo, codigo_temp) values ( 'INICIAL - REMIÇÃO DO IMÓVEL HIPOTECADO ( LE )', 1, 250, 1);
insert into projudi.guia_modelo (guia_modelo, id_guia_tipo, id_proc_tipo, codigo_temp) values ( 'INICIAL - RENOVATÓRIA DE LOCAÇÃO ( CPC )', 1, 251, 1);
insert into projudi.guia_modelo (guia_modelo, id_guia_tipo, id_proc_tipo, codigo_temp) values ( 'INICIAL - RESTITUIÇÃO DE COISA OU DINHEIRO NA FALÊNCIA DO DEVEDOR EMPRESÁRIO ( L.E. )', 1, 252, 1);
insert into projudi.guia_modelo (guia_modelo, id_guia_tipo, id_proc_tipo, codigo_temp) values ( 'INICIAL - REVISIONAL DE ALUGUEL ( L.E. )', 1, 253, 1);
insert into projudi.guia_modelo (guia_modelo, id_guia_tipo, id_proc_tipo, codigo_temp) values ( 'INICIAL - SEPARAÇÃO LITIGIOSA ( L 6515/77 )', 1, 254, 1);
insert into projudi.guia_modelo (guia_modelo, id_guia_tipo, id_proc_tipo, codigo_temp) values ( 'INICIAL - SONEGADOS ( CC )', 1, 255, 1);
insert into projudi.guia_modelo (guia_modelo, id_guia_tipo, id_proc_tipo, codigo_temp) values ( 'INICIAL - SUPRIMENTO DE IDADE E/OU CONSENTIMENTO ( CC )', 1, 256, 1);
insert into projudi.guia_modelo (guia_modelo, id_guia_tipo, id_proc_tipo, codigo_temp) values ( 'INICIAL - LIQUIDAÇÃO POR ARBITRAMENTO ( CPC )', 1, 257, 1);
insert into projudi.guia_modelo (guia_modelo, id_guia_tipo, id_proc_tipo, codigo_temp) values ( 'INICIAL - LIQUIDAÇÃO POR ARTIGOS ( CPC )', 1, 258, 1);
insert into projudi.guia_modelo (guia_modelo, id_guia_tipo, id_proc_tipo, codigo_temp) values ( 'INICIAL - LIQUIDAÇÃO PROVISÓRIA POR ARBITRAMENTO ( CPC )', 1, 259, 1);
insert into projudi.guia_modelo (guia_modelo, id_guia_tipo, id_proc_tipo, codigo_temp) values ( 'INICIAL - LIQUIDAÇÃO PROVISÓRIA POR ARTIGOS ( CPC )', 1, 260, 1);
insert into projudi.guia_modelo (guia_modelo, id_guia_tipo, id_proc_tipo, codigo_temp) values ( 'INICIAL - PROCEDIMENTO DE CUMPRIMENTO DE SENTENÇA (  )', 1, 261, 1);
insert into projudi.guia_modelo (guia_modelo, id_guia_tipo, id_proc_tipo, codigo_temp) values ( 'INICIAL - INSOLVÊNCIA CIVIL ( CPC )', 1, 262, 1);
insert into projudi.guia_modelo (guia_modelo, id_guia_tipo, id_proc_tipo, codigo_temp) values ( 'INICIAL - INSOLVÊNCIA REQUERIDA PELO CREDOR ( CPC )', 1, 263, 1);
insert into projudi.guia_modelo (guia_modelo, id_guia_tipo, id_proc_tipo, codigo_temp) values ( 'INICIAL - INSOLVÊNCIA REQUERIDA PELO DEVEDOR OU PELO ESPÓLIO ( CPC )', 1, 264, 1);
insert into projudi.guia_modelo (guia_modelo, id_guia_tipo, id_proc_tipo, codigo_temp) values ( 'INICIAL - EMBARGOS À ADJUDICAÇÃO ( CPC )', 1, 265, 1);
insert into projudi.guia_modelo (guia_modelo, id_guia_tipo, id_proc_tipo, codigo_temp) values ( 'INICIAL - EMBARGOS À ARREMATAÇÃO ( CPC )', 1, 266, 1);
insert into projudi.guia_modelo (guia_modelo, id_guia_tipo, id_proc_tipo, codigo_temp) values ( 'INICIAL - ALIMENTOS - PROVISIONAIS ( CPC )', 1, 267, 1);
insert into projudi.guia_modelo (guia_modelo, id_guia_tipo, id_proc_tipo, codigo_temp) values ( 'INICIAL - APREENSÃO DE  TÍTULOS ( CPC )', 1, 268, 1);
insert into projudi.guia_modelo (guia_modelo, id_guia_tipo, id_proc_tipo, codigo_temp) values ( 'INICIAL - ARRESTO  ( CPC )', 1, 269, 1);
insert into projudi.guia_modelo (guia_modelo, id_guia_tipo, id_proc_tipo, codigo_temp) values ( 'INICIAL - ARROLAMENTO DE BENS ( CPC )', 1, 270, 1);
insert into projudi.guia_modelo (guia_modelo, id_guia_tipo, id_proc_tipo, codigo_temp) values ( 'INICIAL - ATENTADO ( CPC )', 1, 271, 1);
insert into projudi.guia_modelo (guia_modelo, id_guia_tipo, id_proc_tipo, codigo_temp) values ( 'INICIAL - BUSCA E APREENSÃO ( CPC )', 1, 272, 1);
insert into projudi.guia_modelo (guia_modelo, id_guia_tipo, id_proc_tipo, codigo_temp) values ( 'INICIAL - CAUÇÃO ( CPC )', 1, 273, 1);
insert into projudi.guia_modelo (guia_modelo, id_guia_tipo, id_proc_tipo, codigo_temp) values ( 'INICIAL - CAUTELAR INOMINADA ( CPC )', 1, 274, 1);
insert into projudi.guia_modelo (guia_modelo, id_guia_tipo, id_proc_tipo, codigo_temp) values ( 'INICIAL - EXIBIÇÃO ( CPC )', 1, 275, 1);
insert into projudi.guia_modelo (guia_modelo, id_guia_tipo, id_proc_tipo, codigo_temp) values ( 'INICIAL - HOMOLOGAÇÃO DO PENHOR LEGAL ( CPC )', 1, 276, 1);
insert into projudi.guia_modelo (guia_modelo, id_guia_tipo, id_proc_tipo, codigo_temp) values ( 'INICIAL - PROTESTO ( CPC )', 1, 277, 1);
insert into projudi.guia_modelo (guia_modelo, id_guia_tipo, id_proc_tipo, codigo_temp) values ( 'INICIAL - POSSE EM NOME DO NASCITURO ( CPC )', 1, 278, 1);
insert into projudi.guia_modelo (guia_modelo, id_guia_tipo, id_proc_tipo, codigo_temp) values ( 'INICIAL - PRODUÇÃO ANTECIPADA DE PROVAS ( CPC )', 1, 279, 1);
insert into projudi.guia_modelo (guia_modelo, id_guia_tipo, id_proc_tipo, codigo_temp) values ( 'INICIAL - REGULAMENTAÇÃO DE VISITAS ( CPC )', 1, 280, 1);
insert into projudi.guia_modelo (guia_modelo, id_guia_tipo, id_proc_tipo, codigo_temp) values ( 'INICIAL - SEPARAÇÃO DE CORPOS ( CPC )', 1, 281, 1);
insert into projudi.guia_modelo (guia_modelo, id_guia_tipo, id_proc_tipo, codigo_temp) values ( 'INICIAL - SEQÜESTRO ( CPC )', 1, 282, 1);
insert into projudi.guia_modelo (guia_modelo, id_guia_tipo, id_proc_tipo, codigo_temp) values ( 'INICIAL - EMBARGOS INFRINGENTES NA EXECUÇÃO FISCAL ( LEI Nº. 6.830/80 )', 1, 283, 1);
insert into projudi.guia_modelo (guia_modelo, id_guia_tipo, id_proc_tipo, codigo_temp) values ( 'INICIAL - IMPUGNAÇÃO AO PEDIDO DE ASSISTÊNCIA LITISCONSORCIAL OU SIMPLES ( CPC )', 1, 284, 1);
insert into projudi.guia_modelo (guia_modelo, id_guia_tipo, id_proc_tipo, codigo_temp) values ( 'INICIAL - IMPUGNAÇÃO AO VALOR DA CAUSA ( CPC )', 1, 285, 1);
insert into projudi.guia_modelo (guia_modelo, id_guia_tipo, id_proc_tipo, codigo_temp) values ( 'INICIAL - INCIDENTE DE FALSIDADE ( CPC )', 1, 286, 1);
insert into projudi.guia_modelo (guia_modelo, id_guia_tipo, id_proc_tipo, codigo_temp) values ( 'INICIAL - REMOÇÃO DE INVENTARIANTE ( CPC )', 1, 287, 1);
insert into projudi.guia_modelo (guia_modelo, id_guia_tipo, id_proc_tipo, codigo_temp) values ( 'INICIAL - OPOSIÇÃO ( CPC )', 1, 288, 1);
insert into projudi.guia_modelo (guia_modelo, id_guia_tipo, id_proc_tipo, codigo_temp) values ( 'INICIAL - HABILITAÇÃO PARA CASAMENTO ( L.E. )', 1, 289, 1);
insert into projudi.guia_modelo (guia_modelo, id_guia_tipo, id_proc_tipo, codigo_temp) values ( 'INICIAL - INSTRUÇÃO DE RESCISÓRIA ( CPC )', 1, 290, 1);
insert into projudi.guia_modelo (guia_modelo, id_guia_tipo, id_proc_tipo, codigo_temp) values ( 'INICIAL - REGISTRO DE CASAMENTO NUNCUPATIVO ( CCB E L. 6015/73 )', 1, 291, 1);
insert into projudi.guia_modelo (guia_modelo, id_guia_tipo, id_proc_tipo, codigo_temp) values ( 'INICIAL - CARTA DE ORDEM ( CPC )', 1, 292, 1);
insert into projudi.guia_modelo (guia_modelo, id_guia_tipo, id_proc_tipo, codigo_temp) values ( 'INICIAL - NOTIFICAÇÃO PARA EXPLICAÇÕES (LEI DE IMPRENSA) ( LEI ESPARSA )', 1, 293, 1);
insert into projudi.guia_modelo (guia_modelo, id_guia_tipo, id_proc_tipo, codigo_temp) values ( 'INICIAL - AÇÃO PENAL DE COMPETÊNCIA DO JÚRI ( CPP )', 1, 294, 1);
insert into projudi.guia_modelo (guia_modelo, id_guia_tipo, id_proc_tipo, codigo_temp) values ( 'INICIAL - AÇÃO PENAL - PROCEDIMENTO ORDINÁRIO ( CPP )', 1, 295, 1);
insert into projudi.guia_modelo (guia_modelo, id_guia_tipo, id_proc_tipo, codigo_temp) values ( 'INICIAL - PROCESSO SUMÁRIO (DETENÇÃO) ( CPP )', 1, 296, 1);
insert into projudi.guia_modelo (guia_modelo, id_guia_tipo, id_proc_tipo, codigo_temp) values ( 'INICIAL - PEDIDO DE QUEBRA DE SIGILO DE DADOS E/OU TELEFÔNICO ( L.E )', 1, 297, 1);
insert into projudi.guia_modelo (guia_modelo, id_guia_tipo, id_proc_tipo, codigo_temp) values ( 'INICIAL - MEDIDAS INVESTIGATÓRIAS SOBRE ORGANIZAÇÕES CRIMINOSAS ( LEI ESPARSA )', 1, 298, 1);
insert into projudi.guia_modelo (guia_modelo, id_guia_tipo, id_proc_tipo, codigo_temp) values ( 'INICIAL - PEDIDO DE PRISÃO TEMPORÁRIA ( L.E )', 1, 299, 1);
insert into projudi.guia_modelo (guia_modelo, id_guia_tipo, id_proc_tipo, codigo_temp) values ( 'INICIAL - SEQÜESTRO ( CPP )', 1, 300, 1);
insert into projudi.guia_modelo (guia_modelo, id_guia_tipo, id_proc_tipo, codigo_temp) values ( 'INICIAL - ARRESTO / HIPOTECA LEGAL ( CPP )', 1, 301, 1);
insert into projudi.guia_modelo (guia_modelo, id_guia_tipo, id_proc_tipo, codigo_temp) values ( 'INICIAL - INCIDENTES (  )', 1, 302, 1);
insert into projudi.guia_modelo (guia_modelo, id_guia_tipo, id_proc_tipo, codigo_temp) values ( 'INICIAL - INCIDENTE DE FALSIDADE ( CPP )', 1, 303, 1);
insert into projudi.guia_modelo (guia_modelo, id_guia_tipo, id_proc_tipo, codigo_temp) values ( 'INICIAL - INSANIDADE MENTAL DO ACUSADO ( CPP )', 1, 304, 1);
insert into projudi.guia_modelo (guia_modelo, id_guia_tipo, id_proc_tipo, codigo_temp) values ( 'INICIAL - EXECUÇÃO DA PENA ( LEI 7210 - LEP )', 1, 305, 1);
insert into projudi.guia_modelo (guia_modelo, id_guia_tipo, id_proc_tipo, codigo_temp) values ( 'INICIAL - CONVERSÃO DE PENA ( L.E )', 1, 306, 1);
insert into projudi.guia_modelo (guia_modelo, id_guia_tipo, id_proc_tipo, codigo_temp) values ( 'INICIAL - EXCESSO OU DESVIO ( L.E )', 1, 307, 1);
insert into projudi.guia_modelo (guia_modelo, id_guia_tipo, id_proc_tipo, codigo_temp) values ( 'INICIAL - ANISTIA ( L.E )', 1, 308, 1);
insert into projudi.guia_modelo (guia_modelo, id_guia_tipo, id_proc_tipo, codigo_temp) values ( 'INICIAL - INDULTO ( L.E )', 1, 309, 1);
insert into projudi.guia_modelo (guia_modelo, id_guia_tipo, id_proc_tipo, codigo_temp) values ( 'INICIAL - COMUTAÇÃO DE PENA ( L.E )', 1, 310, 1);
insert into projudi.guia_modelo (guia_modelo, id_guia_tipo, id_proc_tipo, codigo_temp) values ( 'INICIAL - PROTESTO POR NOVO JÚRI ( CPP )', 1, 311, 1);
insert into projudi.guia_modelo (guia_modelo, id_guia_tipo, id_proc_tipo, codigo_temp) values ( 'INICIAL - EXECUÇÃO CONTRA A FAZENDA PÚBLICA ( CPC )', 1, 312, 1);
insert into projudi.guia_modelo (guia_modelo, id_guia_tipo, id_proc_tipo, codigo_temp) values ( 'INICIAL - EXECUÇÃO HIPOTECÁRIA DO SISTEMA FINANCEIRO DA HABITAÇÃO ( L. 5741/71 )', 1, 313, 1);
insert into projudi.guia_modelo (guia_modelo, id_guia_tipo, id_proc_tipo, codigo_temp) values ( 'INICIAL - EMBARGOS À EXECUÇÃO FISCAL ( L. 6830/80 )', 1, 314, 1);
insert into projudi.guia_modelo (guia_modelo, id_guia_tipo, id_proc_tipo, codigo_temp) values ( 'INICIAL - TUTELA E CURATELA - REMOÇÃO E DISPENSA ( CPC )', 1, 315, 1);
insert into projudi.guia_modelo (guia_modelo, id_guia_tipo, id_proc_tipo, codigo_temp) values ( 'INICIAL - JUSTIFICAÇÃO DE DINHEIRO A RISCO ( CPC/1939 )', 1, 316, 1);
insert into projudi.guia_modelo (guia_modelo, id_guia_tipo, id_proc_tipo, codigo_temp) values ( 'INICIAL - SUPERVENIÊNCIA DE DOENÇA MENTAL ( 7.210 (LEP) )', 1, 317, 1);
insert into projudi.guia_modelo (guia_modelo, id_guia_tipo, id_proc_tipo, codigo_temp) values ( 'INICIAL - UNIFICAÇÃO DE PENAS ( CP )', 1, 318, 1);
insert into projudi.guia_modelo (guia_modelo, id_guia_tipo, id_proc_tipo, codigo_temp) values ( 'INICIAL - TRANSFERÊNCIA ENTRE ESTABELECIMENTOS PENAIS ( LEP )', 1, 319, 1);
insert into projudi.guia_modelo (guia_modelo, id_guia_tipo, id_proc_tipo, codigo_temp) values ( 'INICIAL - OUTRAS MEDIDAS PROVISIONAIS ( CPC )', 1, 320, 1);
insert into projudi.guia_modelo (guia_modelo, id_guia_tipo, id_proc_tipo, codigo_temp) values ( 'INICIAL - REABILITAÇÃO ( CP  )', 1, 321, 1);
insert into projudi.guia_modelo (guia_modelo, id_guia_tipo, id_proc_tipo, codigo_temp) values ( 'INICIAL - OUTROS PROCEDIMENTOS DE JURISDIÇÃO VOLUNTÁRIA ( CPC )', 1, 322, 1);
insert into projudi.guia_modelo (guia_modelo, id_guia_tipo, id_proc_tipo, codigo_temp) values ( 'INICIAL - ALVARÁ JUDICIAL ( CPC )', 1, 323, 1);
insert into projudi.guia_modelo (guia_modelo, id_guia_tipo, id_proc_tipo, codigo_temp) values ( 'INICIAL - AÇÃO DE ALIMENTOS ( L. 8069/90 )', 1, 324, 1);
insert into projudi.guia_modelo (guia_modelo, id_guia_tipo, id_proc_tipo, codigo_temp) values ( 'INICIAL - REVISÃO JUDICIAL DE DECISÃO DO CONSELHO TUTELAR ( L. 8069/90 )', 1, 325, 1);
insert into projudi.guia_modelo (guia_modelo, id_guia_tipo, id_proc_tipo, codigo_temp) values ( 'INICIAL - APURAÇÃO DE IRREGULARIDADES EM ENTIDADES DE ATENDIMENTO ( L. 8069/90 )', 1, 326, 1);
insert into projudi.guia_modelo (guia_modelo, id_guia_tipo, id_proc_tipo, codigo_temp) values ( 'INICIAL - APURAÇÃO DE INFRAÇÃO ADMINISTRATIVA ÀS NORMAS DE PROTEÇÃO À CRIANÇA OU ADOLESCENTE ( L. 8069/90 )', 1, 327, 1);
insert into projudi.guia_modelo (guia_modelo, id_guia_tipo, id_proc_tipo, codigo_temp) values ( 'INICIAL - TUTELA ( L. 8069/90 )', 1, 328, 1);
insert into projudi.guia_modelo (guia_modelo, id_guia_tipo, id_proc_tipo, codigo_temp) values ( 'INICIAL - TUTELA C/C DESTITUIÇÃO DO PODER FAMILIAR (  )', 1, 329, 1);
insert into projudi.guia_modelo (guia_modelo, id_guia_tipo, id_proc_tipo, codigo_temp) values ( 'INICIAL - ADOÇÃO ( L. 8069/90 )', 1, 330, 1);
insert into projudi.guia_modelo (guia_modelo, id_guia_tipo, id_proc_tipo, codigo_temp) values ( 'INICIAL - ADOÇÃO C/C DESTITUIÇÃO DO PODER FAMILIAR ( L. 8069/90 )', 1, 331, 1);
insert into projudi.guia_modelo (guia_modelo, id_guia_tipo, id_proc_tipo, codigo_temp) values ( 'INICIAL - SUPRIMENTO DE CAPACIDADE OU DE CONSENTIMENTO PARA CASAR ( L. 8069/90 )', 1, 332, 1);
insert into projudi.guia_modelo (guia_modelo, id_guia_tipo, id_proc_tipo, codigo_temp) values ( 'INICIAL - EMANCIPAÇÃO ( L. 8069/90 )', 1, 333, 1);
insert into projudi.guia_modelo (guia_modelo, id_guia_tipo, id_proc_tipo, codigo_temp) values ( 'INICIAL - REGULARIZAÇÃO DE REGISTRO CIVIL (  )', 1, 334, 1);
insert into projudi.guia_modelo (guia_modelo, id_guia_tipo, id_proc_tipo, codigo_temp) values ( 'INICIAL - GUARDA (  )', 1, 335, 1);
insert into projudi.guia_modelo (guia_modelo, id_guia_tipo, id_proc_tipo, codigo_temp) values ( 'INICIAL - PROVIDÊNCIA  ( ECA )', 1, 336, 1);
insert into projudi.guia_modelo (guia_modelo, id_guia_tipo, id_proc_tipo, codigo_temp) values ( 'INICIAL - PRESTAÇÃO DE CONTAS (  )', 1, 337, 1);
insert into projudi.guia_modelo (guia_modelo, id_guia_tipo, id_proc_tipo, codigo_temp) values ( 'INICIAL - PERDA OU SUSPENSÃO OU RESTABELECIMENTO DO PODER FAMILIAR (  )', 1, 338, 1);
insert into projudi.guia_modelo (guia_modelo, id_guia_tipo, id_proc_tipo, codigo_temp) values ( 'INICIAL - EXECUÇÃO DE ALIMENTOS (  )', 1, 339, 1);
insert into projudi.guia_modelo (guia_modelo, id_guia_tipo, id_proc_tipo, codigo_temp) values ( 'INICIAL - MEDIDAS DE PROTEÇÃO À CRIANÇA E ADOLESCENTE (  )', 1, 340, 1);
insert into projudi.guia_modelo (guia_modelo, id_guia_tipo, id_proc_tipo, codigo_temp) values ( 'INICIAL - EXECUÇÃO DE MULTA ( ECA )', 1, 341, 1);
insert into projudi.guia_modelo (guia_modelo, id_guia_tipo, id_proc_tipo, codigo_temp) values ( 'INICIAL - BUSCA E APREENSÃO (  )', 1, 342, 1);
insert into projudi.guia_modelo (guia_modelo, id_guia_tipo, id_proc_tipo, codigo_temp) values ( 'INICIAL - CAUTELAR INOMINADA (  )', 1, 343, 1);
insert into projudi.guia_modelo (guia_modelo, id_guia_tipo, id_proc_tipo, codigo_temp) values ( 'INICIAL - CARTA DE ORDEM (  )', 1, 344, 1);
insert into projudi.guia_modelo (guia_modelo, id_guia_tipo, id_proc_tipo, codigo_temp) values ( 'INICIAL - CARTA PRECATÓRIA (  )', 1, 345, 1);
insert into projudi.guia_modelo (guia_modelo, id_guia_tipo, id_proc_tipo, codigo_temp) values ( 'INICIAL - PROCEDIMENTOS INVESTIGATÓRIOS ( ECA )', 1, 346, 1);
insert into projudi.guia_modelo (guia_modelo, id_guia_tipo, id_proc_tipo, codigo_temp) values ( 'INICIAL - AUTO DE APREENSÃO EM FLAGRANTE ( ECA )', 1, 347, 1);
insert into projudi.guia_modelo (guia_modelo, id_guia_tipo, id_proc_tipo, codigo_temp) values ( 'INICIAL - RELATÓRIO DE INVESTIGAÇÕES (  )', 1, 348, 1);
insert into projudi.guia_modelo (guia_modelo, id_guia_tipo, id_proc_tipo, codigo_temp) values ( 'INICIAL - BOLETIM DE OCORRÊNCIA CIRCUNSTANCIADA ( ECA )', 1, 349, 1);
insert into projudi.guia_modelo (guia_modelo, id_guia_tipo, id_proc_tipo, codigo_temp) values ( 'INICIAL - PROCESSO DE APURAÇÃO DE ATO INFRACIONAL ( ECA )', 1, 350, 1);
insert into projudi.guia_modelo (guia_modelo, id_guia_tipo, id_proc_tipo, codigo_temp) values ( 'INICIAL - INTERNAÇÃO COM ATIVIDADES EXTERNAS ( ECA )', 1, 351, 1);
insert into projudi.guia_modelo (guia_modelo, id_guia_tipo, id_proc_tipo, codigo_temp) values ( 'INICIAL - INTERNAÇÃO SEM ATIVIDADES EXTERNAS ( ECA )', 1, 352, 1);
insert into projudi.guia_modelo (guia_modelo, id_guia_tipo, id_proc_tipo, codigo_temp) values ( 'INICIAL - SEMILIBERDADE ( ECA )', 1, 353, 1);
insert into projudi.guia_modelo (guia_modelo, id_guia_tipo, id_proc_tipo, codigo_temp) values ( 'INICIAL - LIBERDADE ASSISTIDA ( ECA )', 1, 354, 1);
insert into projudi.guia_modelo (guia_modelo, id_guia_tipo, id_proc_tipo, codigo_temp) values ( 'INICIAL - PRESTAÇÃO DE SERVIÇOS A COMUNIDADE ( ECA )', 1, 355, 1);
insert into projudi.guia_modelo (guia_modelo, id_guia_tipo, id_proc_tipo, codigo_temp) values ( 'INICIAL - OBRIGAÇÃO DE REPARAR O DANO ( ECA )', 1, 356, 1);
insert into projudi.guia_modelo (guia_modelo, id_guia_tipo, id_proc_tipo, codigo_temp) values ( 'INICIAL - ADVERTÊNCIA  ( ECA )', 1, 357, 1);
insert into projudi.guia_modelo (guia_modelo, id_guia_tipo, id_proc_tipo, codigo_temp) values ( 'INICIAL - CARTA DE ORDEM (  )', 1, 358, 1);
insert into projudi.guia_modelo (guia_modelo, id_guia_tipo, id_proc_tipo, codigo_temp) values ( 'INICIAL - CARTA PRECATÓRIA (  )', 1, 359, 1);
insert into projudi.guia_modelo (guia_modelo, id_guia_tipo, id_proc_tipo, codigo_temp) values ( 'INICIAL - RETIFICAÇÃO DE REGISTRO DE IMÓVEL ( L. 6015/73 )', 1, 360, 1);
insert into projudi.guia_modelo (guia_modelo, id_guia_tipo, id_proc_tipo, codigo_temp) values ( 'INICIAL - AÇÃO CIVIL PÚBLICA ( L. 8069/90 )', 1, 361, 1);
insert into projudi.guia_modelo (guia_modelo, id_guia_tipo, id_proc_tipo, codigo_temp) values ( 'INICIAL - MANDADO DE SEGURANÇA ( L. 8069/90 )', 1, 362, 1);
insert into projudi.guia_modelo (guia_modelo, id_guia_tipo, id_proc_tipo, codigo_temp) values ( 'INICIAL - AUTORIZAÇÃO JUDICIAL (  )', 1, 363, 1);
insert into projudi.guia_modelo (guia_modelo, id_guia_tipo, id_proc_tipo, codigo_temp) values ( 'INICIAL - EMBARGOS DE TERCEIRO (  )', 1, 364, 1);
insert into projudi.guia_modelo (guia_modelo, id_guia_tipo, id_proc_tipo, codigo_temp) values ( 'INICIAL - REMOÇÃO, MODIFICAÇÃO  E DISPENSA DE TUTOR OU CURADOR (  )', 1, 365, 1);
insert into projudi.guia_modelo (guia_modelo, id_guia_tipo, id_proc_tipo, codigo_temp) values ( 'INICIAL - PROCEDIMENTO ORDINÁRIO (  )', 1, 366, 1);
insert into projudi.guia_modelo (guia_modelo, id_guia_tipo, id_proc_tipo, codigo_temp) values ( 'INICIAL - EXECUÇÃO PROVISÓRIA ( LEI 7210/84 )', 1, 367, 1);
insert into projudi.guia_modelo (guia_modelo, id_guia_tipo, id_proc_tipo, codigo_temp) values ( 'INICIAL - EMBARGOS DO ACUSADO ( CPP )', 1, 368, 1);
insert into projudi.guia_modelo (guia_modelo, id_guia_tipo, id_proc_tipo, codigo_temp) values ( 'INICIAL - ALIENAÇÃO DE BENS DO ACUSADO ( LEI 11343/06 )', 1, 369, 1);
insert into projudi.guia_modelo (guia_modelo, id_guia_tipo, id_proc_tipo, codigo_temp) values ( 'INICIAL - AVALIAÇÃO PARA ATESTAR DEPENDÊNCIA DE DROGAS ( LEI Nº 11.343/06 )', 1, 370, 1);
insert into projudi.guia_modelo (guia_modelo, id_guia_tipo, id_proc_tipo, codigo_temp) values ( 'INICIAL - NOTIFICAÇÃO ( CPC )', 1, 371, 1);
insert into projudi.guia_modelo (guia_modelo, id_guia_tipo, id_proc_tipo, codigo_temp) values ( 'INICIAL - INTERPELAÇÃO ( CPC )', 1, 372, 1);
insert into projudi.guia_modelo (guia_modelo, id_guia_tipo, id_proc_tipo, codigo_temp) values ( 'INICIAL - HABILITAÇÃO PARA ADOÇÃO ( LEI 8069/90 )', 1, 373, 1);
insert into projudi.guia_modelo (guia_modelo, id_guia_tipo, id_proc_tipo, codigo_temp) values ( 'INICIAL - AÇÃO PENAL - PROCEDIMENTO SUMÁRIO ( CP )', 1, 374, 1);
insert into projudi.guia_modelo (guia_modelo, id_guia_tipo, id_proc_tipo, codigo_temp) values ( 'INICIAL - AÇÃO PENAL - PROCEDIMENTO SUMARÍSSIMO ( CPP )', 1, 375, 1);
insert into projudi.guia_modelo (guia_modelo, id_guia_tipo, id_proc_tipo, codigo_temp) values ( 'INICIAL - ARGUIÇÃO DE INCONSTITUCIONALIDADE', 1, 376, 1);
insert into projudi.guia_modelo (guia_modelo, id_guia_tipo, id_proc_tipo, codigo_temp) values ( 'INICIAL - RECURSO ESPECIAL', 1, 377, 1);
insert into projudi.guia_modelo (guia_modelo, id_guia_tipo, id_proc_tipo, codigo_temp) values ( 'INICIAL - RECURSO EXTRAORDINÁRIO', 1, 378, 1);
insert into projudi.guia_modelo (guia_modelo, id_guia_tipo, id_proc_tipo, codigo_temp) values ( 'INICIAL - EMBARGOS INFRINGENTES', 1, 379, 1);
insert into projudi.guia_modelo (guia_modelo, id_guia_tipo, id_proc_tipo, codigo_temp) values ( 'INICIAL - CONFLITO DE COMPETÊNCIA', 1, 380, 1);
insert into projudi.guia_modelo (guia_modelo, id_guia_tipo, id_proc_tipo, codigo_temp) values ( 'INICIAL - REEXAME NECESSÁRIO', 1, 381, 1);
insert into projudi.guia_modelo (guia_modelo, id_guia_tipo, id_proc_tipo, codigo_temp) values ( 'INICIAL - PROCESSO FÍSICO - CÁLCULO DE LIQUIDAÇÃO DE PENA', 1, 382, 1);
insert into projudi.guia_modelo (guia_modelo, id_guia_tipo, id_proc_tipo, codigo_temp) values ( 'INICIAL - APELAÇÃO / REEXAME NECESSÁRIO ', 1, 383, 1);
insert into projudi.guia_modelo (guia_modelo, id_guia_tipo, id_proc_tipo, codigo_temp) values ( 'INICIAL - PROCEDIMENTO DE CONHECIMENTO', 1, 384, 1);
insert into projudi.guia_modelo (guia_modelo, id_guia_tipo, id_proc_tipo, codigo_temp) values ( 'INICIAL - EXECUÇÃO DE TÍTULO JUDICIAL', 1, 385, 1);
insert into projudi.guia_modelo (guia_modelo, id_guia_tipo, id_proc_tipo, codigo_temp) values ( 'INICIAL - AÇÃO RESCISÓRIA', 1, 386, 1);
insert into projudi.guia_modelo (guia_modelo, id_guia_tipo, id_proc_tipo, codigo_temp) values ( 'INICIAL - CORREIÇÃO PARCIAL OU RECLAMAÇÃO CORREICIONAL', 1, 387, 1);
insert into projudi.guia_modelo (guia_modelo, id_guia_tipo, id_proc_tipo, codigo_temp) values ( 'INICIAL - DIRETA DE INCONSTITUCIONALIDADE', 1, 388, 1);
insert into projudi.guia_modelo (guia_modelo, id_guia_tipo, id_proc_tipo, codigo_temp) values ( 'INICIAL - MANDADO DE INJUNÇÃO', 1, 389, 1);
insert into projudi.guia_modelo (guia_modelo, id_guia_tipo, id_proc_tipo, codigo_temp) values ( 'INICIAL - SUSPENSÃO DE LIMINAR OU ANTECIPAÇÃO DE TUTELA', 1, 390, 1);
insert into projudi.guia_modelo (guia_modelo, id_guia_tipo, id_proc_tipo, codigo_temp) values ( 'INICIAL - SUSPENSÃO DE EXECUÇÃO DE SENTENÇA', 1, 391, 1);
insert into projudi.guia_modelo (guia_modelo, id_guia_tipo, id_proc_tipo, codigo_temp) values ( 'INICIAL - COMUNICAÇÃO', 1, 392, 1);
insert into projudi.guia_modelo (guia_modelo, id_guia_tipo, id_proc_tipo, codigo_temp) values ( 'INICIAL - RECLAMAÇÃO', 1, 393, 1);
insert into projudi.guia_modelo (guia_modelo, id_guia_tipo, id_proc_tipo, codigo_temp) values ( 'INICIAL - REPRESENTAÇÃO POR EXCESSO DE PRAZO', 1, 394, 1);
insert into projudi.guia_modelo (guia_modelo, id_guia_tipo, id_proc_tipo, codigo_temp) values ( 'INICIAL - CARTA ROGATÓRIA', 1, 395, 1);
insert into projudi.guia_modelo (guia_modelo, id_guia_tipo, id_proc_tipo, codigo_temp) values ( 'INICIAL - AGRAVO DE INSTRUMENTO EM RECURSO ESPECIAL', 1, 396, 1);
insert into projudi.guia_modelo (guia_modelo, id_guia_tipo, id_proc_tipo, codigo_temp) values ( 'INICIAL - AGRAVO REGIMENTAL', 1, 397, 1);
insert into projudi.guia_modelo (guia_modelo, id_guia_tipo, id_proc_tipo, codigo_temp) values ( 'INICIAL - ARGÜIÇÃO DE INCONSTITUCIONALIDADE', 1, 398, 1);
insert into projudi.guia_modelo (guia_modelo, id_guia_tipo, id_proc_tipo, codigo_temp) values ( 'INICIAL - INCIDENTE DE UNIFORMIZAÇÃO DE JURISPRUDÊNCIA', 1, 399, 1);
insert into projudi.guia_modelo (guia_modelo, id_guia_tipo, id_proc_tipo, codigo_temp) values ( 'INICIAL - AVOCATÓRIA', 1, 400, 1);
insert into projudi.guia_modelo (guia_modelo, id_guia_tipo, id_proc_tipo, codigo_temp) values ( 'INICIAL - EXECUÇÃO DE TÍTULO EXTRAJUDICIAL', 1, 401, 1);
insert into projudi.guia_modelo (guia_modelo, id_guia_tipo, id_proc_tipo, codigo_temp) values ( 'INICIAL - EXECUÇÃO DE TERMO DE AJUSTE DE CONDUTA', 1, 402, 1);
insert into projudi.guia_modelo (guia_modelo, id_guia_tipo, id_proc_tipo, codigo_temp) values ( 'INICIAL - EMBARGOS DE RENTENÇÃO POR BENFEITORIAS', 1, 489, 1);
insert into projudi.guia_modelo (guia_modelo, id_guia_tipo, id_proc_tipo, codigo_temp) values ( 'INICIAL - EXCEÇÃO DE INCOMPETÊNCIA', 1, 490, 1);
insert into projudi.guia_modelo (guia_modelo, id_guia_tipo, id_proc_tipo, codigo_temp) values ( 'INICIAL - TESTE TATHY', 1, 491, 1);
insert into projudi.guia_modelo (guia_modelo, id_guia_tipo, id_proc_tipo, codigo_temp) values ( 'INICIAL - TESTE 2', 1, 492, 1);
insert into projudi.guia_modelo (guia_modelo, id_guia_tipo, id_proc_tipo, codigo_temp) values ( 'INICIAL - EXECUÇÃO DE TERMO DE CONCILIAÇÃO DE CCP', 1, 403, 1);
insert into projudi.guia_modelo (guia_modelo, id_guia_tipo, id_proc_tipo, codigo_temp) values ( 'INICIAL - EXECUÇÃO DE CERTIDÃO DE CRÉDITO JUDICIAL', 1, 404, 1);
insert into projudi.guia_modelo (guia_modelo, id_guia_tipo, id_proc_tipo, codigo_temp) values ( 'INICIAL - EXECUÇÃO PROVISÓRIA EM AUTOS SUPLEMENTARES', 1, 405, 1);
insert into projudi.guia_modelo (guia_modelo, id_guia_tipo, id_proc_tipo, codigo_temp) values ( 'INICIAL - CONFLITO DE JURISDIÇÃO', 1, 406, 1);
insert into projudi.guia_modelo (guia_modelo, id_guia_tipo, id_proc_tipo, codigo_temp) values ( 'INICIAL - AGRAVO DE EXECUÇÃO PENAL', 1, 407, 1);
insert into projudi.guia_modelo (guia_modelo, id_guia_tipo, id_proc_tipo, codigo_temp) values ( 'INICIAL - APELAÇÃO EM MANDADO DE SEGURANÇA', 1, 408, 1);
insert into projudi.guia_modelo (guia_modelo, id_guia_tipo, id_proc_tipo, codigo_temp) values ( 'INICIAL - CARTA TESTEMUNHÁVEL', 1, 409, 1);
insert into projudi.guia_modelo (guia_modelo, id_guia_tipo, id_proc_tipo, codigo_temp) values ( 'INICIAL - CORREIÇÃO PARCIAL', 1, 410, 1);
insert into projudi.guia_modelo (guia_modelo, id_guia_tipo, id_proc_tipo, codigo_temp) values ( 'INICIAL - EMBARGOS INFRINGENTES E DE NULIDADE', 1, 411, 1);
insert into projudi.guia_modelo (guia_modelo, id_guia_tipo, id_proc_tipo, codigo_temp) values ( 'INICIAL - RECURSO EM SENTIDO ESTRITO', 1, 412, 1);
insert into projudi.guia_modelo (guia_modelo, id_guia_tipo, id_proc_tipo, codigo_temp) values ( 'INICIAL - REEXAME NECESSÁRIO', 1, 413, 1);
insert into projudi.guia_modelo (guia_modelo, id_guia_tipo, id_proc_tipo, codigo_temp) values ( 'INICIAL - REVISÃO CRIMINAL', 1, 414, 1);
insert into projudi.guia_modelo (guia_modelo, id_guia_tipo, id_proc_tipo, codigo_temp) values ( 'INICIAL - DESAFORAMENTO DE JULGAMENTO', 1, 415, 1);
insert into projudi.guia_modelo (guia_modelo, id_guia_tipo, id_proc_tipo, codigo_temp) values ( 'INICIAL - INCIDENTE DE UNIFORMIZAÇÃO DE JURISPRUDÊNCIA', 1, 416, 1);
insert into projudi.guia_modelo (guia_modelo, id_guia_tipo, id_proc_tipo, codigo_temp) values ( 'INICIAL - AÇÃO DE CUMPRIMENTO', 1, 417, 1);
insert into projudi.guia_modelo (guia_modelo, id_guia_tipo, id_proc_tipo, codigo_temp) values ( 'INICIAL - AÇÃO TRABALHISTA - RITO ORDINÁRIO', 1, 418, 1);
insert into projudi.guia_modelo (guia_modelo, id_guia_tipo, id_proc_tipo, codigo_temp) values ( 'INICIAL - INQUÉRITO PARA APURAÇÃO DE FALTA GRAVE', 1, 419, 1);
insert into projudi.guia_modelo (guia_modelo, id_guia_tipo, id_proc_tipo, codigo_temp) values ( 'INICIAL - RECURSO ADMINISTRATIVO', 1, 420, 1);
insert into projudi.guia_modelo (guia_modelo, id_guia_tipo, id_proc_tipo, codigo_temp) values ( 'INICIAL - RECLAMAÇÃO DISCIPLINAR', 1, 421, 1);
insert into projudi.guia_modelo (guia_modelo, id_guia_tipo, id_proc_tipo, codigo_temp) values ( 'INICIAL - CORREIÇÃO EXTRAORDINÁRIA', 1, 422, 1);
insert into projudi.guia_modelo (guia_modelo, id_guia_tipo, id_proc_tipo, codigo_temp) values ( 'INICIAL - INSPEÇÃO', 1, 423, 1);
insert into projudi.guia_modelo (guia_modelo, id_guia_tipo, id_proc_tipo, codigo_temp) values ( 'INICIAL - RECURSO EM PROCESSO ADMINISTRATIVO DISCIPLINAR EM FACE DE SERVIDOR', 1, 424, 1);
insert into projudi.guia_modelo (guia_modelo, id_guia_tipo, id_proc_tipo, codigo_temp) values ( 'INICIAL - CORREIÇÃO ORDINÁRIA', 1, 425, 1);
insert into projudi.guia_modelo (guia_modelo, id_guia_tipo, id_proc_tipo, codigo_temp) values ( 'INICIAL - SINDICÂNCIA', 1, 426, 1);
insert into projudi.guia_modelo (guia_modelo, id_guia_tipo, id_proc_tipo, codigo_temp) values ( 'INICIAL - AÇÃO TRABALHISTA - RITO SUMARÍSSIMO', 1, 427, 1);
insert into projudi.guia_modelo (guia_modelo, id_guia_tipo, id_proc_tipo, codigo_temp) values ( 'INICIAL - AÇÃO TRABALHISTA - RITO SUMÁRIO (ALÇADA)', 1, 428, 1);
insert into projudi.guia_modelo (guia_modelo, id_guia_tipo, id_proc_tipo, codigo_temp) values ( 'INICIAL - PEDIDO DE PROVIDÊNCIAS', 1, 429, 1);
insert into projudi.guia_modelo (guia_modelo, id_guia_tipo, id_proc_tipo, codigo_temp) values ( 'INICIAL - AGRAVO', 1, 430, 1);
insert into projudi.guia_modelo (guia_modelo, id_guia_tipo, id_proc_tipo, codigo_temp) values ( 'INICIAL - PROCESSO ADMINISTRATIVO DISCIPLINAR EM FACE DE SERVIDOR', 1, 431, 1);
insert into projudi.guia_modelo (guia_modelo, id_guia_tipo, id_proc_tipo, codigo_temp) values ( 'INICIAL - PROCESSO ADMINISTRATIVO DISCIPLINAR EM FACE DE MAGISTRADO', 1, 432, 1);
insert into projudi.guia_modelo (guia_modelo, id_guia_tipo, id_proc_tipo, codigo_temp) values ( 'INICIAL - PRECATÓRIO', 1, 433, 1);
insert into projudi.guia_modelo (guia_modelo, id_guia_tipo, id_proc_tipo, codigo_temp) values ( 'INICIAL - REQUISIÇÃO DE PEQUENO VALOR', 1, 434, 1);
insert into projudi.guia_modelo (guia_modelo, id_guia_tipo, id_proc_tipo, codigo_temp) values ( 'INICIAL - CONFLITO DE ATRIBUIÇÃO', 1, 435, 1);
insert into projudi.guia_modelo (guia_modelo, id_guia_tipo, id_proc_tipo, codigo_temp) values ( 'INICIAL - DECLARATÓRIA DE CONSTITUCIONALIDADE', 1, 436, 1);
insert into projudi.guia_modelo (guia_modelo, id_guia_tipo, id_proc_tipo, codigo_temp) values ( 'INICIAL - INTERVENÇÃO EM MUNICÍPIO', 1, 437, 1);
insert into projudi.guia_modelo (guia_modelo, id_guia_tipo, id_proc_tipo, codigo_temp) values ( 'INICIAL - PROCESSO ADMINISTRATIVO', 1, 438, 1);
insert into projudi.guia_modelo (guia_modelo, id_guia_tipo, id_proc_tipo, codigo_temp) values ( 'INICIAL - CORREIÇÃO PARCIAL', 1, 439, 1);
insert into projudi.guia_modelo (guia_modelo, id_guia_tipo, id_proc_tipo, codigo_temp) values ( 'INICIAL - AGRAVO DE INSTRUMENTO EM RECURSO ESPECIAL', 1, 440, 1);
insert into projudi.guia_modelo (guia_modelo, id_guia_tipo, id_proc_tipo, codigo_temp) values ( 'INICIAL - AGRAVO DE INSTRUMENTO EM RECURSO EXTRAORDINÁRIO', 1, 441, 1);
insert into projudi.guia_modelo (guia_modelo, id_guia_tipo, id_proc_tipo, codigo_temp) values ( 'INICIAL - CONTRAPROTESTO JUDICIAL', 1, 442, 1);
insert into projudi.guia_modelo (guia_modelo, id_guia_tipo, id_proc_tipo, codigo_temp) values ( 'INICIAL - AGRAVO REGIMENTAL', 1, 443, 1);
insert into projudi.guia_modelo (guia_modelo, id_guia_tipo, id_proc_tipo, codigo_temp) values ( 'INICIAL - INVESTIGAÇÃO CONTRA MAGISTRADO', 1, 444, 1);
insert into projudi.guia_modelo (guia_modelo, id_guia_tipo, id_proc_tipo, codigo_temp) values ( 'INICIAL - EXIBIÇÃO DE DOCUMENTO OU COISA ', 1, 445, 1);
insert into projudi.guia_modelo (guia_modelo, id_guia_tipo, id_proc_tipo, codigo_temp) values ( 'INICIAL - IMPUGNAÇÃO AO VALOR DA CAUSA', 1, 446, 1);
insert into projudi.guia_modelo (guia_modelo, id_guia_tipo, id_proc_tipo, codigo_temp) values ( 'INICIAL - JUSTIFICAÇÃO CRIMINAL', 1, 447, 1);
insert into projudi.guia_modelo (guia_modelo, id_guia_tipo, id_proc_tipo, codigo_temp) values ( 'INICIAL - RESTITUIÇÃO DE COISAS APREENDIDAS - INFRACIONAL', 1, 448, 1);
insert into projudi.guia_modelo (guia_modelo, id_guia_tipo, id_proc_tipo, codigo_temp) values ( 'INICIAL - PROCESSO DE APLICAÇÃO DE MEDIDA DE SEGURANÇA POR FATO NÃO CRIMINOSO', 1, 449, 1);
insert into projudi.guia_modelo (guia_modelo, id_guia_tipo, id_proc_tipo, codigo_temp) values ( 'INICIAL - RECLAMAÇÃO PRÉ-PROCESSUAL', 1, 450, 1);
insert into projudi.guia_modelo (guia_modelo, id_guia_tipo, id_proc_tipo, codigo_temp) values ( 'INICIAL - CAUTELAR INOMINADA CRIMINAL', 1, 451, 1);
insert into projudi.guia_modelo (guia_modelo, id_guia_tipo, id_proc_tipo, codigo_temp) values ( 'INICIAL - REMIÇÃO DE PENA', 1, 452, 1);
insert into projudi.guia_modelo (guia_modelo, id_guia_tipo, id_proc_tipo, codigo_temp) values ( 'INICIAL - PEDIDO DE MEDIDA DE PROTEÇÃO', 1, 453, 1);
insert into projudi.guia_modelo (guia_modelo, id_guia_tipo, id_proc_tipo, codigo_temp) values ( 'INICIAL - PROCEDIMENTOS CAUTELARES', 1, 454, 1);
insert into projudi.guia_modelo (guia_modelo, id_guia_tipo, id_proc_tipo, codigo_temp) values ( 'INICIAL - BUSCA E APREENSÃO', 1, 455, 1);
insert into projudi.guia_modelo (guia_modelo, id_guia_tipo, id_proc_tipo, codigo_temp) values ( 'INICIAL - INTERNAÇÃO PROVISÓRIA', 1, 456, 1);
insert into projudi.guia_modelo (guia_modelo, id_guia_tipo, id_proc_tipo, codigo_temp) values ( 'INICIAL - PEDIDO DE DESINTERNAÇÃO/REAVALIAÇÃO/SUBSTITUIÇÃO/SUSPENSÃO DA MEDIDA', 1, 457, 1);
insert into projudi.guia_modelo (guia_modelo, id_guia_tipo, id_proc_tipo, codigo_temp) values ( 'INICIAL - PROCEDIMENTO CONCILIATÓRIO', 1, 458, 1);
insert into projudi.guia_modelo (guia_modelo, id_guia_tipo, id_proc_tipo, codigo_temp) values ( 'INICIAL - RESTABELECIMENTO DO PODER FAMILIAR', 1, 459, 1);
insert into projudi.guia_modelo (guia_modelo, id_guia_tipo, id_proc_tipo, codigo_temp) values ( 'INICIAL - HOMOLOGAÇÃO EM ACORDO DE COLABORAÇÃO PREMIADA', 1, 460, 1);
insert into projudi.guia_modelo (guia_modelo, id_guia_tipo, id_proc_tipo, codigo_temp) values ( 'INICIAL - CUMPRIMENTO DE SENTENÇA CONTRA A FAZENDA PÚBLICA', 1, 461, 1);
insert into projudi.guia_modelo (guia_modelo, id_guia_tipo, id_proc_tipo, codigo_temp) values ( 'INICIAL - EXECUÇÃO DE TÍTULO EXTAJUDICIAL CONTRA A FAZENDA PÚBLICA', 1, 462, 1);
insert into projudi.guia_modelo (guia_modelo, id_guia_tipo, id_proc_tipo, codigo_temp) values ( 'INICIAL - INCIDENTE DE IMPEDIMENTO', 1, 463, 1);
insert into projudi.guia_modelo (guia_modelo, id_guia_tipo, id_proc_tipo, codigo_temp) values ( 'INICIAL - INCIDENTE DE SUSPEIÇÃO', 1, 464, 1);
insert into projudi.guia_modelo (guia_modelo, id_guia_tipo, id_proc_tipo, codigo_temp) values ( 'INICIAL - CARTA ARBITRAL', 1, 465, 1);
insert into projudi.guia_modelo (guia_modelo, id_guia_tipo, id_proc_tipo, codigo_temp) values ( 'INICIAL - TUTELA ANTECIPADA ANTECEDENTE', 1, 466, 1);
insert into projudi.guia_modelo (guia_modelo, id_guia_tipo, id_proc_tipo, codigo_temp) values ( 'INICIAL - TUTELA CAUTELAR ANTECEDENTE', 1, 467, 1);
insert into projudi.guia_modelo (guia_modelo, id_guia_tipo, id_proc_tipo, codigo_temp) values ( 'INICIAL - INCIDENTE DE RESOLUÇÃO DE DEMANDAS REPETITIVAS', 1, 468, 1);
insert into projudi.guia_modelo (guia_modelo, id_guia_tipo, id_proc_tipo, codigo_temp) values ( 'INICIAL - DISSOLUÇÃO PARCIAL DE SOCIEDADE', 1, 469, 1);
insert into projudi.guia_modelo (guia_modelo, id_guia_tipo, id_proc_tipo, codigo_temp) values ( 'INICIAL - INCIDENTE DE ASSUNÇÃO DE COMPETÊNCIA', 1, 470, 1);
insert into projudi.guia_modelo (guia_modelo, id_guia_tipo, id_proc_tipo, codigo_temp) values ( 'INICIAL - LIQUIDAÇÃO PROVISÓRIA DE SENTENÇA PELO PROCEDIMENTO COMUM', 1, 471, 1);
insert into projudi.guia_modelo (guia_modelo, id_guia_tipo, id_proc_tipo, codigo_temp) values ( 'INICIAL - RENOVAÇÃO DE PERMANÊNCIA EM ESTABELECIMENTO PENAL FEDERAL', 1, 472, 1);
insert into projudi.guia_modelo (guia_modelo, id_guia_tipo, id_proc_tipo, codigo_temp) values ( 'INICIAL - EXTINÇÃO DAS OBRIGAÇÕES DO FALIDO', 1, 473, 1);
insert into projudi.guia_modelo (guia_modelo, id_guia_tipo, id_proc_tipo, codigo_temp) values ( 'INICIAL - RECURSO EM SENTIDO ESTRITO/RECURSO EX OFFICIO', 1, 474, 1);
insert into projudi.guia_modelo (guia_modelo, id_guia_tipo, id_proc_tipo, codigo_temp) values ( 'INICIAL - EXECUÇÃO DE MEDIDA DE SEGURANÇA', 1, 475, 1);
insert into projudi.guia_modelo (guia_modelo, id_guia_tipo, id_proc_tipo, codigo_temp) values ( 'INICIAL - INCIDENTE DE SANIDADE MENTAL', 1, 476, 1);
insert into projudi.guia_modelo (guia_modelo, id_guia_tipo, id_proc_tipo, codigo_temp) values ( 'INICIAL - MEDIDAS PROTETIVAS - ESTATUTO DO IDOSO ', 1, 477, 1);
insert into projudi.guia_modelo (guia_modelo, id_guia_tipo, id_proc_tipo, codigo_temp) values ( 'INICIAL - CONFLITO DE COMPETÊNCIA', 1, 478, 1);
insert into projudi.guia_modelo (guia_modelo, id_guia_tipo, id_proc_tipo, codigo_temp) values ( 'INICIAL - EXIBIÇÃO DE DOCUMENTO OU COISA', 1, 479, 1);
insert into projudi.guia_modelo (guia_modelo, id_guia_tipo, id_proc_tipo, codigo_temp) values ( 'INICIAL - IMPUGNAÇÃO AO VALOR DA CAUSA', 1, 480, 1);
insert into projudi.guia_modelo (guia_modelo, id_guia_tipo, id_proc_tipo, codigo_temp) values ( 'INICIAL - INCIDENTE DE FALSIDADE', 1, 481, 1);
insert into projudi.guia_modelo (guia_modelo, id_guia_tipo, id_proc_tipo, codigo_temp) values ( 'INICIAL - EXCEÇÃO DE IMPEDIMENTO', 1, 482, 1);
insert into projudi.guia_modelo (guia_modelo, id_guia_tipo, id_proc_tipo, codigo_temp) values ( 'INICIAL - EXCEÇÃO DE INCOMPETÊNCIA', 1, 483, 1);
insert into projudi.guia_modelo (guia_modelo, id_guia_tipo, id_proc_tipo, codigo_temp) values ( 'INICIAL - EXCEÇÃO DE SUSPEIÇÃO', 1, 484, 1);
insert into projudi.guia_modelo (guia_modelo, id_guia_tipo, id_proc_tipo, codigo_temp) values ( 'INICIAL - PETIÇÃO', 1, 485, 1);
insert into projudi.guia_modelo (guia_modelo, id_guia_tipo, id_proc_tipo, codigo_temp) values ( 'INICIAL - CUMPRIMENTO PROVISÓRIO DE DECISÃO', 1, 486, 1);
insert into projudi.guia_modelo (guia_modelo, id_guia_tipo, id_proc_tipo, codigo_temp) values ( 'INICIAL - PETIÇÃO', 1, 487, 1);
insert into projudi.guia_modelo (guia_modelo, id_guia_tipo, id_proc_tipo, codigo_temp) values ( 'INICIAL - INCIDENTE DE DESCONSIDERAÇÃO DE PERSONALIDADE JURÍDICA', 1, 488, 1);

commit;

insert into projudi.guia_modelo (guia_modelo, id_guia_tipo, id_proc_tipo, codigo_temp) values ( 'FINAL - ADJUDICACAO COMPULSORIA', 4, 1, 1);
insert into projudi.guia_modelo (guia_modelo, id_guia_tipo, id_proc_tipo, codigo_temp) values ( 'FINAL - ALVARA DE LEVANTAMENTO DE CREDITO', 4, 2, 1);
insert into projudi.guia_modelo (guia_modelo, id_guia_tipo, id_proc_tipo, codigo_temp) values ( 'FINAL - EXIBICAO DE DOCUMENTOS', 4, 3, 1);
insert into projudi.guia_modelo (guia_modelo, id_guia_tipo, id_proc_tipo, codigo_temp) values ( 'FINAL - ARRESTO', 4, 4, 1);
insert into projudi.guia_modelo (guia_modelo, id_guia_tipo, id_proc_tipo, codigo_temp) values ( 'FINAL - BUSCA E APREENSAO', 4, 5, 1);
insert into projudi.guia_modelo (guia_modelo, id_guia_tipo, id_proc_tipo, codigo_temp) values ( 'FINAL - COMINATORIA', 4, 6, 1);
insert into projudi.guia_modelo (guia_modelo, id_guia_tipo, id_proc_tipo, codigo_temp) values ( 'FINAL - CONSIGNATORIA', 4, 7, 1);
insert into projudi.guia_modelo (guia_modelo, id_guia_tipo, id_proc_tipo, codigo_temp) values ( 'FINAL - DECLARATORIA', 4, 8, 1);
insert into projudi.guia_modelo (guia_modelo, id_guia_tipo, id_proc_tipo, codigo_temp) values ( 'FINAL - DECLARACAO DE INSOLVENCIA', 4, 9, 1);
insert into projudi.guia_modelo (guia_modelo, id_guia_tipo, id_proc_tipo, codigo_temp) values ( 'FINAL - DEMOLITORIA', 4, 10, 1);
insert into projudi.guia_modelo (guia_modelo, id_guia_tipo, id_proc_tipo, codigo_temp) values ( 'FINAL - DESPEJO POR FALTA DE PAGAMENTO', 4, 11, 1);
insert into projudi.guia_modelo (guia_modelo, id_guia_tipo, id_proc_tipo, codigo_temp) values ( 'FINAL - INCIDENTE DE FALSIDADE', 4, 12, 1);
insert into projudi.guia_modelo (guia_modelo, id_guia_tipo, id_proc_tipo, codigo_temp) values ( 'FINAL - EMBARGOS DE TERCEIRO', 4, 13, 1);
insert into projudi.guia_modelo (guia_modelo, id_guia_tipo, id_proc_tipo, codigo_temp) values ( 'FINAL - EXECUCAO', 4, 14, 1);
insert into projudi.guia_modelo (guia_modelo, id_guia_tipo, id_proc_tipo, codigo_temp) values ( 'FINAL - ALVARA PARA VENDA DE BENS', 4, 15, 1);
insert into projudi.guia_modelo (guia_modelo, id_guia_tipo, id_proc_tipo, codigo_temp) values ( 'FINAL - IMISSAO DE POSSE', 4, 16, 1);
insert into projudi.guia_modelo (guia_modelo, id_guia_tipo, id_proc_tipo, codigo_temp) values ( 'FINAL - INDENIZACAO', 4, 17, 1);
insert into projudi.guia_modelo (guia_modelo, id_guia_tipo, id_proc_tipo, codigo_temp) values ( 'FINAL - JUSTIFICACAO', 4, 18, 1);
insert into projudi.guia_modelo (guia_modelo, id_guia_tipo, id_proc_tipo, codigo_temp) values ( 'FINAL - NUNCIACAO DE OBRA NOVA', 4, 19, 1);
insert into projudi.guia_modelo (guia_modelo, id_guia_tipo, id_proc_tipo, codigo_temp) values ( 'FINAL - NOTIFICACAO', 4, 20, 1);
insert into projudi.guia_modelo (guia_modelo, id_guia_tipo, id_proc_tipo, codigo_temp) values ( 'FINAL - PROTESTO JUDICIAL', 4, 21, 1);
insert into projudi.guia_modelo (guia_modelo, id_guia_tipo, id_proc_tipo, codigo_temp) values ( 'FINAL - REINTEGRACAO DE POSSE', 4, 22, 1);
insert into projudi.guia_modelo (guia_modelo, id_guia_tipo, id_proc_tipo, codigo_temp) values ( 'FINAL - REIVINDICACAO', 4, 23, 1);
insert into projudi.guia_modelo (guia_modelo, id_guia_tipo, id_proc_tipo, codigo_temp) values ( 'FINAL - RESCISAO CONTRATUAL', 4, 24, 1);
insert into projudi.guia_modelo (guia_modelo, id_guia_tipo, id_proc_tipo, codigo_temp) values ( 'FINAL - POSSESSORIA', 4, 25, 1);
insert into projudi.guia_modelo (guia_modelo, id_guia_tipo, id_proc_tipo, codigo_temp) values ( 'FINAL - SUSTACAO DE PROTESTO', 4, 26, 1);
insert into projudi.guia_modelo (guia_modelo, id_guia_tipo, id_proc_tipo, codigo_temp) values ( 'FINAL - NULIDADE DE ATO JURIDICO', 4, 27, 1);
insert into projudi.guia_modelo (guia_modelo, id_guia_tipo, id_proc_tipo, codigo_temp) values ( 'FINAL - ORDINARIA', 4, 28, 1);
insert into projudi.guia_modelo (guia_modelo, id_guia_tipo, id_proc_tipo, codigo_temp) values ( 'FINAL - DECLARACAO DE AUSENCIA', 4, 29, 1);
insert into projudi.guia_modelo (guia_modelo, id_guia_tipo, id_proc_tipo, codigo_temp) values ( 'FINAL - ANULATORIA', 4, 30, 1);
insert into projudi.guia_modelo (guia_modelo, id_guia_tipo, id_proc_tipo, codigo_temp) values ( 'FINAL - ENRIQUECIMENTO ILICITO', 4, 31, 1);
insert into projudi.guia_modelo (guia_modelo, id_guia_tipo, id_proc_tipo, codigo_temp) values ( 'FINAL - PEDIDO DE HOMOLOGACAO DE ACORDO', 4, 32, 1);
insert into projudi.guia_modelo (guia_modelo, id_guia_tipo, id_proc_tipo, codigo_temp) values ( 'FINAL - NULIDADE', 4, 33, 1);
insert into projudi.guia_modelo (guia_modelo, id_guia_tipo, id_proc_tipo, codigo_temp) values ( 'FINAL - EXECUCAO DE SENTENCA', 4, 34, 1);
insert into projudi.guia_modelo (guia_modelo, id_guia_tipo, id_proc_tipo, codigo_temp) values ( 'FINAL - PERDAS E DANOS', 4, 35, 1);
insert into projudi.guia_modelo (guia_modelo, id_guia_tipo, id_proc_tipo, codigo_temp) values ( 'FINAL - REPARACAO DE DANOS', 4, 36, 1);
insert into projudi.guia_modelo (guia_modelo, id_guia_tipo, id_proc_tipo, codigo_temp) values ( 'FINAL - RESTITUICAO DE INDEBITOS', 4, 37, 1);
insert into projudi.guia_modelo (guia_modelo, id_guia_tipo, id_proc_tipo, codigo_temp) values ( 'FINAL - NULIDADE TITULO CAMBIAL', 4, 38, 1);
insert into projudi.guia_modelo (guia_modelo, id_guia_tipo, id_proc_tipo, codigo_temp) values ( 'FINAL - MANDADO DE SEGURANCA', 4, 39, 1);
insert into projudi.guia_modelo (guia_modelo, id_guia_tipo, id_proc_tipo, codigo_temp) values ( 'FINAL - ALIENACAO JUDICIAL', 4, 40, 1);
insert into projudi.guia_modelo (guia_modelo, id_guia_tipo, id_proc_tipo, codigo_temp) values ( 'FINAL - EMBARGOS A EXECUCAO', 4, 41, 1);
insert into projudi.guia_modelo (guia_modelo, id_guia_tipo, id_proc_tipo, codigo_temp) values ( 'FINAL - CARTA PRECATORIA', 4, 42, 1);
insert into projudi.guia_modelo (guia_modelo, id_guia_tipo, id_proc_tipo, codigo_temp) values ( 'FINAL - SEPARACAO CONSENSUAL', 4, 43, 1);
insert into projudi.guia_modelo (guia_modelo, id_guia_tipo, id_proc_tipo, codigo_temp) values ( 'FINAL - DIVORCIO CONSENSUAL', 4, 44, 1);
insert into projudi.guia_modelo (guia_modelo, id_guia_tipo, id_proc_tipo, codigo_temp) values ( 'FINAL - CANCELAMENTO DE PROTESTO', 4, 45, 1);
insert into projudi.guia_modelo (guia_modelo, id_guia_tipo, id_proc_tipo, codigo_temp) values ( 'FINAL - DESPEJO', 4, 46, 1);
insert into projudi.guia_modelo (guia_modelo, id_guia_tipo, id_proc_tipo, codigo_temp) values ( 'FINAL - EXCECAO DE INCOMPETENCIA', 4, 47, 1);
insert into projudi.guia_modelo (guia_modelo, id_guia_tipo, id_proc_tipo, codigo_temp) values ( 'FINAL - MEDIDA CAUTELAR', 4, 48, 1);
insert into projudi.guia_modelo (guia_modelo, id_guia_tipo, id_proc_tipo, codigo_temp) values ( 'FINAL - ANULACAO DE ATO JURIDICO', 4, 49, 1);
insert into projudi.guia_modelo (guia_modelo, id_guia_tipo, id_proc_tipo, codigo_temp) values ( 'FINAL - REVISIONAL DE LOCACAO', 4, 50, 1);
insert into projudi.guia_modelo (guia_modelo, id_guia_tipo, id_proc_tipo, codigo_temp) values ( 'FINAL - CANCELAMENTO DE TRANSCRICAO DE CONTRATO DE COMPRA E VENDA', 4, 51, 1);
insert into projudi.guia_modelo (guia_modelo, id_guia_tipo, id_proc_tipo, codigo_temp) values ( 'FINAL - INDENIZACAO POR ACIDENTE DE TRABALHO', 4, 52, 1);
insert into projudi.guia_modelo (guia_modelo, id_guia_tipo, id_proc_tipo, codigo_temp) values ( 'FINAL - ANTECIPACAO DE PROVAS', 4, 53, 1);
insert into projudi.guia_modelo (guia_modelo, id_guia_tipo, id_proc_tipo, codigo_temp) values ( 'FINAL - DEPOSITO', 4, 54, 1);
insert into projudi.guia_modelo (guia_modelo, id_guia_tipo, id_proc_tipo, codigo_temp) values ( 'FINAL - NAO PREVISTA', 4, 55, 1);
insert into projudi.guia_modelo (guia_modelo, id_guia_tipo, id_proc_tipo, codigo_temp) values ( 'FINAL - RESTITUICAO DE MERCADORIA', 4, 56, 1);
insert into projudi.guia_modelo (guia_modelo, id_guia_tipo, id_proc_tipo, codigo_temp) values ( 'FINAL - ALVARA JUDICIAL', 4, 57, 1);
insert into projudi.guia_modelo (guia_modelo, id_guia_tipo, id_proc_tipo, codigo_temp) values ( 'FINAL - DESPEJO COM PEDIDO DE LIMINAR', 4, 58, 1);
insert into projudi.guia_modelo (guia_modelo, id_guia_tipo, id_proc_tipo, codigo_temp) values ( 'FINAL - HABILITACAO INCIDENTAL', 4, 59, 1);
insert into projudi.guia_modelo (guia_modelo, id_guia_tipo, id_proc_tipo, codigo_temp) values ( 'FINAL - CAUTELAR INOMINADA', 4, 60, 1);
insert into projudi.guia_modelo (guia_modelo, id_guia_tipo, id_proc_tipo, codigo_temp) values ( 'FINAL - AGRAVO', 4, 61, 1);
insert into projudi.guia_modelo (guia_modelo, id_guia_tipo, id_proc_tipo, codigo_temp) values ( 'FINAL - RESSARCIMENTO', 4, 62, 1);
insert into projudi.guia_modelo (guia_modelo, id_guia_tipo, id_proc_tipo, codigo_temp) values ( 'FINAL - REPETICAO DE INDEBITOS', 4, 63, 1);
insert into projudi.guia_modelo (guia_modelo, id_guia_tipo, id_proc_tipo, codigo_temp) values ( 'FINAL - EMBARGOS', 4, 64, 1);
insert into projudi.guia_modelo (guia_modelo, id_guia_tipo, id_proc_tipo, codigo_temp) values ( 'FINAL - RESTITUICAO', 4, 65, 1);
insert into projudi.guia_modelo (guia_modelo, id_guia_tipo, id_proc_tipo, codigo_temp) values ( 'FINAL - COBRANCA DE HONORARIOS', 4, 66, 1);
insert into projudi.guia_modelo (guia_modelo, id_guia_tipo, id_proc_tipo, codigo_temp) values ( 'FINAL - RESCISORIA', 4, 67, 1);
insert into projudi.guia_modelo (guia_modelo, id_guia_tipo, id_proc_tipo, codigo_temp) values ( 'FINAL - ACAO SUMARISSIMA', 4, 68, 1);
insert into projudi.guia_modelo (guia_modelo, id_guia_tipo, id_proc_tipo, codigo_temp) values ( 'FINAL - RESTITUICAO DE IMPORTANCIAS PAGAS', 4, 69, 1);
insert into projudi.guia_modelo (guia_modelo, id_guia_tipo, id_proc_tipo, codigo_temp) values ( 'FINAL - ESTIMATORIA (QUANTI MINORIS)', 4, 70, 1);
insert into projudi.guia_modelo (guia_modelo, id_guia_tipo, id_proc_tipo, codigo_temp) values ( 'FINAL - LIQUIDACAO DE SENTENCA', 4, 71, 1);
insert into projudi.guia_modelo (guia_modelo, id_guia_tipo, id_proc_tipo, codigo_temp) values ( 'FINAL - DESOBRIGACAO DE PAGAMENTO INDEVIDO', 4, 72, 1);
insert into projudi.guia_modelo (guia_modelo, id_guia_tipo, id_proc_tipo, codigo_temp) values ( 'FINAL - EXECUCAO CONTRA A FAZENDA PUBLICA', 4, 73, 1);
insert into projudi.guia_modelo (guia_modelo, id_guia_tipo, id_proc_tipo, codigo_temp) values ( 'FINAL - APELACAO', 4, 74, 1);
insert into projudi.guia_modelo (guia_modelo, id_guia_tipo, id_proc_tipo, codigo_temp) values ( 'FINAL - CARTA DE ORDEM', 4, 75, 1);
insert into projudi.guia_modelo (guia_modelo, id_guia_tipo, id_proc_tipo, codigo_temp) values ( 'FINAL - EXTINCAO DAS OBRIGACOES', 4, 76, 1);
insert into projudi.guia_modelo (guia_modelo, id_guia_tipo, id_proc_tipo, codigo_temp) values ( 'FINAL - COBRANCA DE TAXA DE CONDOMINIO', 4, 77, 1);
insert into projudi.guia_modelo (guia_modelo, id_guia_tipo, id_proc_tipo, codigo_temp) values ( 'FINAL - EXECUCAO DAS OBRIGACOES DE FAZER', 4, 78, 1);
insert into projudi.guia_modelo (guia_modelo, id_guia_tipo, id_proc_tipo, codigo_temp) values ( 'FINAL - EXECUCAO DAS OBRIGACOES DE NAO FAZER', 4, 79, 1);
insert into projudi.guia_modelo (guia_modelo, id_guia_tipo, id_proc_tipo, codigo_temp) values ( 'FINAL - EXECUCAO PARA ENTREGA DE COISAS', 4, 80, 1);
insert into projudi.guia_modelo (guia_modelo, id_guia_tipo, id_proc_tipo, codigo_temp) values ( 'FINAL - EXECUCAO PROVISORIA DE SENTENCA', 4, 81, 1);
insert into projudi.guia_modelo (guia_modelo, id_guia_tipo, id_proc_tipo, codigo_temp) values ( 'FINAL - FRAUDE DE LEGITIMA', 4, 82, 1);
insert into projudi.guia_modelo (guia_modelo, id_guia_tipo, id_proc_tipo, codigo_temp) values ( 'FINAL - HOMOLOGACAO DE PENHOR LEGAL', 4, 83, 1);
insert into projudi.guia_modelo (guia_modelo, id_guia_tipo, id_proc_tipo, codigo_temp) values ( 'FINAL - REPARACAO DE DANOS POR ACIDENTE DE VEICULO', 4, 84, 1);
insert into projudi.guia_modelo (guia_modelo, id_guia_tipo, id_proc_tipo, codigo_temp) values ( 'FINAL - USUCAPIAO (BEM MOVEL)', 4, 85, 1);
insert into projudi.guia_modelo (guia_modelo, id_guia_tipo, id_proc_tipo, codigo_temp) values ( 'FINAL - QUEIXA-CRIME', 4, 86, 1);
insert into projudi.guia_modelo (guia_modelo, id_guia_tipo, id_proc_tipo, codigo_temp) values ( 'FINAL - REVISIONAL', 4, 87, 1);
insert into projudi.guia_modelo (guia_modelo, id_guia_tipo, id_proc_tipo, codigo_temp) values ( 'FINAL - OBRIGACAO DE FAZER', 4, 88, 1);
insert into projudi.guia_modelo (guia_modelo, id_guia_tipo, id_proc_tipo, codigo_temp) values ( 'FINAL - CANCELAMENTO DE REGISTRO', 4, 89, 1);
insert into projudi.guia_modelo (guia_modelo, id_guia_tipo, id_proc_tipo, codigo_temp) values ( 'FINAL - RETIFICACAO', 4, 90, 1);
insert into projudi.guia_modelo (guia_modelo, id_guia_tipo, id_proc_tipo, codigo_temp) values ( 'FINAL - IMPUGNACAO BENEFICIO DA ASSISTENCIA JUDICIARIA', 4, 91, 1);
insert into projudi.guia_modelo (guia_modelo, id_guia_tipo, id_proc_tipo, codigo_temp) values ( 'FINAL - ACAO MONITORIA', 4, 92, 1);
insert into projudi.guia_modelo (guia_modelo, id_guia_tipo, id_proc_tipo, codigo_temp) values ( 'FINAL - EXCECAO DE COISA JULGADA', 4, 93, 1);
insert into projudi.guia_modelo (guia_modelo, id_guia_tipo, id_proc_tipo, codigo_temp) values ( 'FINAL - MANDADO DE SEGURANCA', 4, 94, 1);
insert into projudi.guia_modelo (guia_modelo, id_guia_tipo, id_proc_tipo, codigo_temp) values ( 'FINAL - TERMO CIRCUNSTANCIADO DE OCORRENCIA', 4, 95, 1);
insert into projudi.guia_modelo (guia_modelo, id_guia_tipo, id_proc_tipo, codigo_temp) values ( 'FINAL - COBRANCA', 4, 96, 1);
insert into projudi.guia_modelo (guia_modelo, id_guia_tipo, id_proc_tipo, codigo_temp) values ( 'FINAL - INFORMACAO', 4, 97, 1);
insert into projudi.guia_modelo (guia_modelo, id_guia_tipo, id_proc_tipo, codigo_temp) values ( 'FINAL - SOLICITACAO', 4, 98, 1);
insert into projudi.guia_modelo (guia_modelo, id_guia_tipo, id_proc_tipo, codigo_temp) values ( 'FINAL - ALVARA DE LIBERACAO', 4, 99, 1);
insert into projudi.guia_modelo (guia_modelo, id_guia_tipo, id_proc_tipo, codigo_temp) values ( 'FINAL - AUTORIZACAO JUDICIAL', 4, 100, 1);
insert into projudi.guia_modelo (guia_modelo, id_guia_tipo, id_proc_tipo, codigo_temp) values ( 'FINAL - ANULACAO DE ATO ADMINISTRATIVO', 4, 101, 1);
insert into projudi.guia_modelo (guia_modelo, id_guia_tipo, id_proc_tipo, codigo_temp) values ( 'FINAL - ORDINARIA', 4, 102, 1);
insert into projudi.guia_modelo (guia_modelo, id_guia_tipo, id_proc_tipo, codigo_temp) values ( 'FINAL - REVISIONAL CLAUSULAS CONTRATUAIS C/C REST.IMPORTANCIAS PAGAS C/PED.LIM', 4, 103, 1);
insert into projudi.guia_modelo (guia_modelo, id_guia_tipo, id_proc_tipo, codigo_temp) values ( 'FINAL - CONVERSÃO EM DIVORCIO', 4, 104, 1);
insert into projudi.guia_modelo (guia_modelo, id_guia_tipo, id_proc_tipo, codigo_temp) values ( 'FINAL - EMBARGOS DE TERCEIRO ( CPC )', 4, 105, 1);
insert into projudi.guia_modelo (guia_modelo, id_guia_tipo, id_proc_tipo, codigo_temp) values ( 'FINAL - RESTAURAÇÃO DE AUTOS ( CPC )', 4, 106, 1);
insert into projudi.guia_modelo (guia_modelo, id_guia_tipo, id_proc_tipo, codigo_temp) values ( 'FINAL - ALVARÁ JUDICIAL - LEI 6858/80 ( L.E )', 4, 107, 1);
insert into projudi.guia_modelo (guia_modelo, id_guia_tipo, id_proc_tipo, codigo_temp) values ( 'FINAL - DESPEJO ( L.E. )', 4, 108, 1);
insert into projudi.guia_modelo (guia_modelo, id_guia_tipo, id_proc_tipo, codigo_temp) values ( 'FINAL - DESPEJO POR FALTA DE PAGAMENTO ( L.E )', 4, 109, 1);
insert into projudi.guia_modelo (guia_modelo, id_guia_tipo, id_proc_tipo, codigo_temp) values ( 'FINAL - DESPEJO POR FALTA DE PAGAMENTO CUMULADO COM COBRANÇA ( L.E )', 4, 110, 1);
insert into projudi.guia_modelo (guia_modelo, id_guia_tipo, id_proc_tipo, codigo_temp) values ( 'FINAL - HOMOLOGAÇÃO DE TRANSAÇÃO EXTRAJUDICIAL ( L.E.; CPC )', 4, 111, 1);
insert into projudi.guia_modelo (guia_modelo, id_guia_tipo, id_proc_tipo, codigo_temp) values ( 'FINAL - CUMPRIMENTO DE SENTENÇA ( CPC )', 4, 112, 1);
insert into projudi.guia_modelo (guia_modelo, id_guia_tipo, id_proc_tipo, codigo_temp) values ( 'FINAL - CUMPRIMENTO PROVISÓRIO DE SENTENÇA ( CPC )', 4, 113, 1);
insert into projudi.guia_modelo (guia_modelo, id_guia_tipo, id_proc_tipo, codigo_temp) values ( 'FINAL - EXECUÇÃO DE TÍTULO EXTRAJUDICIAL ( L.E. )', 4, 114, 1);
insert into projudi.guia_modelo (guia_modelo, id_guia_tipo, id_proc_tipo, codigo_temp) values ( 'FINAL - EMBARGOS DE RETENÇÃO POR BENFEITORIAS ( CPC )', 4, 115, 1);
insert into projudi.guia_modelo (guia_modelo, id_guia_tipo, id_proc_tipo, codigo_temp) values ( 'FINAL - JUSTIFICAÇÃO ( CPC )', 4, 116, 1);
insert into projudi.guia_modelo (guia_modelo, id_guia_tipo, id_proc_tipo, codigo_temp) values ( 'FINAL - AGRAVO DE INSTRUMENTO ( CPC )', 4, 117, 1);
insert into projudi.guia_modelo (guia_modelo, id_guia_tipo, id_proc_tipo, codigo_temp) values ( 'FINAL - AGRAVO DE INSTRUMENTO EM RECURSO EXTRAORDINÁRIO ( CPC )', 4, 118, 1);
insert into projudi.guia_modelo (guia_modelo, id_guia_tipo, id_proc_tipo, codigo_temp) values ( 'FINAL - ASSISTÊNCIA JUDICIÁRIA ( LEI 1060/50 )', 4, 119, 1);
insert into projudi.guia_modelo (guia_modelo, id_guia_tipo, id_proc_tipo, codigo_temp) values ( 'FINAL - EXIBIÇÃO DE DOCUMENTO OU COISA ( CPC )', 4, 120, 1);
insert into projudi.guia_modelo (guia_modelo, id_guia_tipo, id_proc_tipo, codigo_temp) values ( 'FINAL - IMPUGNAÇÃO AO CUMPRIMENTO DE SENTENÇA ( CPC )', 4, 121, 1);
insert into projudi.guia_modelo (guia_modelo, id_guia_tipo, id_proc_tipo, codigo_temp) values ( 'FINAL - PETIÇÃO', 4, 122, 1);
insert into projudi.guia_modelo (guia_modelo, id_guia_tipo, id_proc_tipo, codigo_temp) values ( 'FINAL - CARTA PRECATÓRIA ( CPC )', 4, 123, 1);
insert into projudi.guia_modelo (guia_modelo, id_guia_tipo, id_proc_tipo, codigo_temp) values ( 'FINAL - NOTÍCIA-CRIME ( CPP )', 4, 124, 1);
insert into projudi.guia_modelo (guia_modelo, id_guia_tipo, id_proc_tipo, codigo_temp) values ( 'FINAL - REPRESENTAÇÃO CRIMINAL ( CPP )', 4, 125, 1);
insert into projudi.guia_modelo (guia_modelo, id_guia_tipo, id_proc_tipo, codigo_temp) values ( 'FINAL - PEDIDO DE ARQUIVAMENTO EM REPRESENTAÇÃO CRIMINAL ( CPP )', 4, 126, 1);
insert into projudi.guia_modelo (guia_modelo, id_guia_tipo, id_proc_tipo, codigo_temp) values ( 'FINAL - NOTIFICAÇÃO PARA EXPLICAÇÕES ( CP )', 4, 127, 1);
insert into projudi.guia_modelo (guia_modelo, id_guia_tipo, id_proc_tipo, codigo_temp) values ( 'FINAL - TERMO CIRCUNSTANCIADO ( LEI ESPARSA )', 4, 128, 1);
insert into projudi.guia_modelo (guia_modelo, id_guia_tipo, id_proc_tipo, codigo_temp) values ( 'FINAL - INQUÉRITO POLICIAL ( CPP )', 4, 129, 1);
insert into projudi.guia_modelo (guia_modelo, id_guia_tipo, id_proc_tipo, codigo_temp) values ( 'FINAL - AUTO DE PRISÃO EM FLAGRANTE ( CF )', 4, 130, 1);
insert into projudi.guia_modelo (guia_modelo, id_guia_tipo, id_proc_tipo, codigo_temp) values ( 'FINAL - CRIMES DE RESPONSABILIDADE DOS FUNCIONÁRIOS PÚBLICOS ( CPP E L.E )', 4, 131, 1);
insert into projudi.guia_modelo (guia_modelo, id_guia_tipo, id_proc_tipo, codigo_temp) values ( 'FINAL - CRIMES DE CALÚNIA, INJÚRIA E DIFAMAÇÃO DE COMPETÊNCIA DO JUIZ SINGULAR ( CPP )', 4, 132, 1);
insert into projudi.guia_modelo (guia_modelo, id_guia_tipo, id_proc_tipo, codigo_temp) values ( 'FINAL - CRIMES CONTRA A PROPRIEDADE IMATERIAL ( CPP )', 4, 133, 1);
insert into projudi.guia_modelo (guia_modelo, id_guia_tipo, id_proc_tipo, codigo_temp) values ( 'FINAL - RESTAURAÇÃO DE AUTOS ( CPP )', 4, 134, 1);
insert into projudi.guia_modelo (guia_modelo, id_guia_tipo, id_proc_tipo, codigo_temp) values ( 'FINAL - CRIMES AMBIENTAIS ( L.E )', 4, 135, 1);
insert into projudi.guia_modelo (guia_modelo, id_guia_tipo, id_proc_tipo, codigo_temp) values ( 'FINAL - CRIMES CONTRA A PROPRIEDADE INDUSTRIAL ( L.9.279/96 )', 4, 136, 1);
insert into projudi.guia_modelo (guia_modelo, id_guia_tipo, id_proc_tipo, codigo_temp) values ( 'FINAL - CRIMES CONTRA A PROPRIEDADE INTELECTUAL ( L.9.609/98 )', 4, 137, 1);
insert into projudi.guia_modelo (guia_modelo, id_guia_tipo, id_proc_tipo, codigo_temp) values ( 'FINAL - CRIMES DE IMPRENSA ( L.E )', 4, 138, 1);
insert into projudi.guia_modelo (guia_modelo, id_guia_tipo, id_proc_tipo, codigo_temp) values ( 'FINAL - PROCEDIMENTO DO JUIZADO ESPECIAL CRIMINAL - SUMARIÍSSIMO ( L.E. )', 4, 139, 1);
insert into projudi.guia_modelo (guia_modelo, id_guia_tipo, id_proc_tipo, codigo_temp) values ( 'FINAL - PROCEDIMENTO ESPECIAL DA LEI ANTITÓXICOS ( 11.343 )', 4, 140, 1);
insert into projudi.guia_modelo (guia_modelo, id_guia_tipo, id_proc_tipo, codigo_temp) values ( 'FINAL - PROCEDIMENTO ESPECIAL DOS CRIMES DE ABUSO DE AUTORIDADE ( L.E )', 4, 141, 1);
insert into projudi.guia_modelo (guia_modelo, id_guia_tipo, id_proc_tipo, codigo_temp) values ( 'FINAL - LIBERDADE PROVISÓRIA COM OU SEM FIANÇA ( CPP )', 4, 142, 1);
insert into projudi.guia_modelo (guia_modelo, id_guia_tipo, id_proc_tipo, codigo_temp) values ( 'FINAL - RELAXAMENTO DE PRISÃO ( CPP )', 4, 143, 1);
insert into projudi.guia_modelo (guia_modelo, id_guia_tipo, id_proc_tipo, codigo_temp) values ( 'FINAL - HABEAS CORPUS ( CF; CPP )', 4, 144, 1);
insert into projudi.guia_modelo (guia_modelo, id_guia_tipo, id_proc_tipo, codigo_temp) values ( 'FINAL - PEDIDO DE BUSCA E APREENSÃO CRIMINAL ( CPP )', 4, 145, 1);
insert into projudi.guia_modelo (guia_modelo, id_guia_tipo, id_proc_tipo, codigo_temp) values ( 'FINAL - PEDIDO DE PRISÃO PREVENTIVA ( CPP )', 4, 146, 1);
insert into projudi.guia_modelo (guia_modelo, id_guia_tipo, id_proc_tipo, codigo_temp) values ( 'FINAL - EXCEÇÃO DE SUSPEIÇÃO ( CPP )', 4, 147, 1);
insert into projudi.guia_modelo (guia_modelo, id_guia_tipo, id_proc_tipo, codigo_temp) values ( 'FINAL - EXCEÇÃO DE INCOMPETÊNCIA DE JUÍZO ( CPP )', 4, 148, 1);
insert into projudi.guia_modelo (guia_modelo, id_guia_tipo, id_proc_tipo, codigo_temp) values ( 'FINAL - LITISPENDÊNCIA ( CPP )', 4, 149, 1);
insert into projudi.guia_modelo (guia_modelo, id_guia_tipo, id_proc_tipo, codigo_temp) values ( 'FINAL - ILEGITIMIDADE DE PARTE ( CPP )', 4, 150, 1);
insert into projudi.guia_modelo (guia_modelo, id_guia_tipo, id_proc_tipo, codigo_temp) values ( 'FINAL - COISA JULGADA ( CPP )', 4, 151, 1);
insert into projudi.guia_modelo (guia_modelo, id_guia_tipo, id_proc_tipo, codigo_temp) values ( 'FINAL - EXCEÇÃO DE IMPEDIMENTO ( CPP )', 4, 152, 1);
insert into projudi.guia_modelo (guia_modelo, id_guia_tipo, id_proc_tipo, codigo_temp) values ( 'FINAL - EXCEÇÃO DA VERDADE ( CPP )', 4, 153, 1);
insert into projudi.guia_modelo (guia_modelo, id_guia_tipo, id_proc_tipo, codigo_temp) values ( 'FINAL - RESTITUIÇÃO DE COISAS APREENDIDAS ( CPP )', 4, 154, 1);
insert into projudi.guia_modelo (guia_modelo, id_guia_tipo, id_proc_tipo, codigo_temp) values ( 'FINAL - EMBARGOS DE TERCEIRO ( CPP )', 4, 155, 1);
insert into projudi.guia_modelo (guia_modelo, id_guia_tipo, id_proc_tipo, codigo_temp) values ( 'FINAL - CARTA DE ORDEM ( CPC - APLICAÇÃO ANALÓGICA )', 4, 156, 1);
insert into projudi.guia_modelo (guia_modelo, id_guia_tipo, id_proc_tipo, codigo_temp) values ( 'FINAL - CARTA PRECATÓRIA ( CPP )', 4, 157, 1);
insert into projudi.guia_modelo (guia_modelo, id_guia_tipo, id_proc_tipo, codigo_temp) values ( 'FINAL - APELAÇÃO ( CPP E L.E )', 4, 158, 1);
insert into projudi.guia_modelo (guia_modelo, id_guia_tipo, id_proc_tipo, codigo_temp) values ( 'FINAL - EMBARGOS DE DECLARAÇÃO ( CPP )', 4, 159, 1);
insert into projudi.guia_modelo (guia_modelo, id_guia_tipo, id_proc_tipo, codigo_temp) values ( 'FINAL - RECURSO DE MEDIDA CAUTELAR ( L.E )', 4, 160, 1);
insert into projudi.guia_modelo (guia_modelo, id_guia_tipo, id_proc_tipo, codigo_temp) values ( 'FINAL - RECURSO DE SENTENÇA CRIMINAL ( LEI ESPARSA )', 4, 161, 1);
insert into projudi.guia_modelo (guia_modelo, id_guia_tipo, id_proc_tipo, codigo_temp) values ( 'FINAL - PROCEDIMENTO DO JUIZADO ESPECIAL CÍVEL ( LEIS 9099/95 E 10259/01 )', 4, 162, 1);
insert into projudi.guia_modelo (guia_modelo, id_guia_tipo, id_proc_tipo, codigo_temp) values ( 'FINAL - RECURSO INOMINADO ( L.E. )', 4, 163, 1);
insert into projudi.guia_modelo (guia_modelo, id_guia_tipo, id_proc_tipo, codigo_temp) values ( 'FINAL - EXCEÇÃO DE IMPEDIMENTO ( CPC )', 4, 164, 1);
insert into projudi.guia_modelo (guia_modelo, id_guia_tipo, id_proc_tipo, codigo_temp) values ( 'FINAL - EXCEÇÃO DE SUSPEIÇÃO ( CPC )', 4, 165, 1);
insert into projudi.guia_modelo (guia_modelo, id_guia_tipo, id_proc_tipo, codigo_temp) values ( 'FINAL - EXCEÇÃO DE INCOMPETÊNCIA ( CPC )', 4, 166, 1);
insert into projudi.guia_modelo (guia_modelo, id_guia_tipo, id_proc_tipo, codigo_temp) values ( 'FINAL - HABEAS CORPUS ( CF E LIVRO III, TÍTULO II, CAPÍTULO X DO CÓDIGO DE PROCESSO PENAL )', 4, 167, 1);
insert into projudi.guia_modelo (guia_modelo, id_guia_tipo, id_proc_tipo, codigo_temp) values ( 'FINAL - PROCESSOS CAUTELARES ( L 8069/90 )', 4, 168, 1);
insert into projudi.guia_modelo (guia_modelo, id_guia_tipo, id_proc_tipo, codigo_temp) values ( 'FINAL - EMBARGOS DE DECLARAÇÃO ( CPC )', 4, 169, 1);
insert into projudi.guia_modelo (guia_modelo, id_guia_tipo, id_proc_tipo, codigo_temp) values ( 'FINAL - NOMEAÇÃO DE ADVOGADO ( LEI 1060/50 )', 4, 170, 1);
insert into projudi.guia_modelo (guia_modelo, id_guia_tipo, id_proc_tipo, codigo_temp) values ( 'FINAL - IMPUGNAÇÃO DE ASSISTÊNCIA JUDICIÁRIA ( LEI 1060/50 )', 4, 171, 1);
insert into projudi.guia_modelo (guia_modelo, id_guia_tipo, id_proc_tipo, codigo_temp) values ( 'FINAL - REINTEGRAÇÃO / MANUTENÇÃO DE POSSE ( CPC )', 4, 172, 1);
insert into projudi.guia_modelo (guia_modelo, id_guia_tipo, id_proc_tipo, codigo_temp) values ( 'FINAL - INTERDITO PROIBITÓRIO ( CPC )', 4, 173, 1);
insert into projudi.guia_modelo (guia_modelo, id_guia_tipo, id_proc_tipo, codigo_temp) values ( 'FINAL - MANDADO DE SEGURANÇA (CF; LEI 1533/51)', 4, 174, 1);
insert into projudi.guia_modelo (guia_modelo, id_guia_tipo, id_proc_tipo, codigo_temp) values ( 'FINAL - PETIÇÃO', 4, 175, 1);
insert into projudi.guia_modelo (guia_modelo, id_guia_tipo, id_proc_tipo, codigo_temp) values ( 'FINAL - PROCEDIMENTO INVESTIGATÓRIO DO MP (PEÇAS DE INFORMAÇÃO) ( CPP )', 4, 176, 1);
insert into projudi.guia_modelo (guia_modelo, id_guia_tipo, id_proc_tipo, codigo_temp) values ( 'FINAL - SEPARAÇÃO CONSENSUAL', 4, 177, 1);
insert into projudi.guia_modelo (guia_modelo, id_guia_tipo, id_proc_tipo, codigo_temp) values ( 'FINAL - ALIMENTOS - LEI ESPECIAL Nº 5.478/68', 4, 178, 1);
insert into projudi.guia_modelo (guia_modelo, id_guia_tipo, id_proc_tipo, codigo_temp) values ( 'FINAL - CONVERSÃO DE SEPARAÇÃO JUDICIAL EM DIVÓRCIO', 4, 179, 1);
insert into projudi.guia_modelo (guia_modelo, id_guia_tipo, id_proc_tipo, codigo_temp) values ( 'FINAL - DIVÓRCIO CONSENSUAL', 4, 180, 1);
insert into projudi.guia_modelo (guia_modelo, id_guia_tipo, id_proc_tipo, codigo_temp) values ( 'FINAL - MANDADO DE SEGURANÇA (CF; LEI 12016/2009)', 4, 181, 1);
insert into projudi.guia_modelo (guia_modelo, id_guia_tipo, id_proc_tipo, codigo_temp) values ( 'FINAL - EMBARGOS À EXECUÇÃO', 4, 182, 1);
insert into projudi.guia_modelo (guia_modelo, id_guia_tipo, id_proc_tipo, codigo_temp) values ( 'FINAL - EXECUÇÃO DE ALIMENTOS', 4, 183, 1);
insert into projudi.guia_modelo (guia_modelo, id_guia_tipo, id_proc_tipo, codigo_temp) values ( 'FINAL - EXECUÇÃO FISCAL', 4, 184, 1);
insert into projudi.guia_modelo (guia_modelo, id_guia_tipo, id_proc_tipo, codigo_temp) values ( 'FINAL - RETIFICAÇÃO OU SUPRIMENTO OU RESTAURAÇÃO DE REGISTRO CIVIL', 4, 185, 1);
insert into projudi.guia_modelo (guia_modelo, id_guia_tipo, id_proc_tipo, codigo_temp) values ( 'FINAL - APELAÇÃO (CPC)', 4, 186, 1);
insert into projudi.guia_modelo (guia_modelo, id_guia_tipo, id_proc_tipo, codigo_temp) values ( 'FINAL - MEDIDAS PROTETIVAS DE URGÊNCIA (LEI MARIA DA PENHA)', 4, 187, 1);
insert into projudi.guia_modelo (guia_modelo, id_guia_tipo, id_proc_tipo, codigo_temp) values ( 'FINAL - PROCEDIMENTO ORDINÁRIO ( CPC )', 4, 188, 1);
insert into projudi.guia_modelo (guia_modelo, id_guia_tipo, id_proc_tipo, codigo_temp) values ( 'FINAL - PROCEDIMENTO SUMÁRIO ( CPC )', 4, 189, 1);
insert into projudi.guia_modelo (guia_modelo, id_guia_tipo, id_proc_tipo, codigo_temp) values ( 'FINAL - ANULAÇÃO E SUBSTITUIÇÃO DE TÍTULOS AO PORTADOR ( CPC )', 4, 190, 1);
insert into projudi.guia_modelo (guia_modelo, id_guia_tipo, id_proc_tipo, codigo_temp) values ( 'FINAL - APREENSÃO E DEPÓSITO DE COISA VENDIDA COM RESERVA DE DOMÍNIO ( CPC )', 4, 191, 1);
insert into projudi.guia_modelo (guia_modelo, id_guia_tipo, id_proc_tipo, codigo_temp) values ( 'FINAL - ARROLAMENTO COMUM ( CPC )', 4, 192, 1);
insert into projudi.guia_modelo (guia_modelo, id_guia_tipo, id_proc_tipo, codigo_temp) values ( 'FINAL - ARROLAMENTO SUMÁRIO ( CPC )', 4, 193, 1);
insert into projudi.guia_modelo (guia_modelo, id_guia_tipo, id_proc_tipo, codigo_temp) values ( 'FINAL - CONSIGNAÇÃO EM PAGAMENTO ( CPC )', 4, 194, 1);
insert into projudi.guia_modelo (guia_modelo, id_guia_tipo, id_proc_tipo, codigo_temp) values ( 'FINAL - DEMARCAÇÃO / DIVISÃO ( CPC )', 4, 195, 1);
insert into projudi.guia_modelo (guia_modelo, id_guia_tipo, id_proc_tipo, codigo_temp) values ( 'FINAL - DEPÓSITO ( CPC )', 4, 196, 1);
insert into projudi.guia_modelo (guia_modelo, id_guia_tipo, id_proc_tipo, codigo_temp) values ( 'FINAL - HABILITAÇÃO ( CPC )', 4, 197, 1);
insert into projudi.guia_modelo (guia_modelo, id_guia_tipo, id_proc_tipo, codigo_temp) values ( 'FINAL - INVENTÁRIO ( CPC )', 4, 198, 1);
insert into projudi.guia_modelo (guia_modelo, id_guia_tipo, id_proc_tipo, codigo_temp) values ( 'FINAL - MONITÓRIA ( CPC )', 4, 199, 1);
insert into projudi.guia_modelo (guia_modelo, id_guia_tipo, id_proc_tipo, codigo_temp) values ( 'FINAL - NUNCIAÇÃO DE OBRA NOVA ( CPC )', 4, 200, 1);
insert into projudi.guia_modelo (guia_modelo, id_guia_tipo, id_proc_tipo, codigo_temp) values ( 'FINAL - PRESTAÇÃO DE CONTAS - OFERECIDAS ( CPC )', 4, 201, 1);
insert into projudi.guia_modelo (guia_modelo, id_guia_tipo, id_proc_tipo, codigo_temp) values ( 'FINAL - PRESTAÇÃO DE CONTAS - EXIGIDAS ( CPC )', 4, 202, 1);
insert into projudi.guia_modelo (guia_modelo, id_guia_tipo, id_proc_tipo, codigo_temp) values ( 'FINAL - SOBREPARTILHA ( CPC )', 4, 203, 1);
insert into projudi.guia_modelo (guia_modelo, id_guia_tipo, id_proc_tipo, codigo_temp) values ( 'FINAL - USUCAPIÃO ( CPC, ART. 941 E L.6.969/81 - 5º )', 4, 204, 1);
insert into projudi.guia_modelo (guia_modelo, id_guia_tipo, id_proc_tipo, codigo_temp) values ( 'FINAL - ABERTURA, REGISTRO E CUMPRIMENTO DE TESTAMENTO ( CPC )', 4, 205, 1);
insert into projudi.guia_modelo (guia_modelo, id_guia_tipo, id_proc_tipo, codigo_temp) values ( 'FINAL - ALIENAÇÃO JUDICIAL DE BENS ( CPC )', 4, 206, 1);
insert into projudi.guia_modelo (guia_modelo, id_guia_tipo, id_proc_tipo, codigo_temp) values ( 'FINAL - ARRECADAÇÃO DAS COISAS VAGAS ( CPC )', 4, 207, 1);
insert into projudi.guia_modelo (guia_modelo, id_guia_tipo, id_proc_tipo, codigo_temp) values ( 'FINAL - CONFIRMAÇÃO DE TESTAMENTO ( CPC )', 4, 208, 1);
insert into projudi.guia_modelo (guia_modelo, id_guia_tipo, id_proc_tipo, codigo_temp) values ( 'FINAL - DECLARAÇÃO DE AUSÊNCIA ( CPC )', 4, 209, 1);
insert into projudi.guia_modelo (guia_modelo, id_guia_tipo, id_proc_tipo, codigo_temp) values ( 'FINAL - ESPECIALIZAÇÃO DE HIPOTECA LEGAL ( CPC )', 4, 210, 1);
insert into projudi.guia_modelo (guia_modelo, id_guia_tipo, id_proc_tipo, codigo_temp) values ( 'FINAL - HERANÇA JACENTE ( CPC )', 4, 211, 1);
insert into projudi.guia_modelo (guia_modelo, id_guia_tipo, id_proc_tipo, codigo_temp) values ( 'FINAL - INTERDIÇÃO ( CPC )', 4, 212, 1);
insert into projudi.guia_modelo (guia_modelo, id_guia_tipo, id_proc_tipo, codigo_temp) values ( 'FINAL - ORGANIZAÇÃO E FISCALIZAÇÃO DE FUNDAÇÃO ( CPC )', 4, 213, 1);
insert into projudi.guia_modelo (guia_modelo, id_guia_tipo, id_proc_tipo, codigo_temp) values ( 'FINAL - TUTELA E CURATELA -  NOMEAÇÃO ( CPC )', 4, 214, 1);
insert into projudi.guia_modelo (guia_modelo, id_guia_tipo, id_proc_tipo, codigo_temp) values ( 'FINAL - AÇÃO CIVIL COLETIVA ( L.E. )', 4, 215, 1);
insert into projudi.guia_modelo (guia_modelo, id_guia_tipo, id_proc_tipo, codigo_temp) values ( 'FINAL - AÇÃO CIVIL DE IMPROBIDADE ADMINISTRATIVA ( LEI 8.429/92   )', 4, 216, 1);
insert into projudi.guia_modelo (guia_modelo, id_guia_tipo, id_proc_tipo, codigo_temp) values ( 'FINAL - AÇÃO CIVIL PÚBLICA ( L.E. )', 4, 217, 1);
insert into projudi.guia_modelo (guia_modelo, id_guia_tipo, id_proc_tipo, codigo_temp) values ( 'FINAL - AÇÃO POPULAR ( L.E. )', 4, 218, 1);
insert into projudi.guia_modelo (guia_modelo, id_guia_tipo, id_proc_tipo, codigo_temp) values ( 'FINAL - ALTERAÇÃO DO REGIME DE BENS ( CC )', 4, 219, 1);
insert into projudi.guia_modelo (guia_modelo, id_guia_tipo, id_proc_tipo, codigo_temp) values ( 'FINAL - APREENSÃO DE EMBARCAÇÕES ( L.E. )', 4, 220, 1);
insert into projudi.guia_modelo (guia_modelo, id_guia_tipo, id_proc_tipo, codigo_temp) values ( 'FINAL - ARRIBADAS FORÇADAS ( L.E. )', 4, 221, 1);
insert into projudi.guia_modelo (guia_modelo, id_guia_tipo, id_proc_tipo, codigo_temp) values ( 'FINAL - AVARIA A CARGO DO SEGURADOR ( L.E. )', 4, 222, 1);
insert into projudi.guia_modelo (guia_modelo, id_guia_tipo, id_proc_tipo, codigo_temp) values ( 'FINAL - AVARIAS ( L.E. )', 4, 223, 1);
insert into projudi.guia_modelo (guia_modelo, id_guia_tipo, id_proc_tipo, codigo_temp) values ( 'FINAL - BUSCA E APREENSÃO EM ALIENAÇÃO FIDUCIÁRIA ( L.E. )', 4, 224, 1);
insert into projudi.guia_modelo (guia_modelo, id_guia_tipo, id_proc_tipo, codigo_temp) values ( 'FINAL - CAUTELAR FISCAL ( L 8.397/92 )', 4, 225, 1);
insert into projudi.guia_modelo (guia_modelo, id_guia_tipo, id_proc_tipo, codigo_temp) values ( 'FINAL - COBRANÇA DE CÉDULA DE CRÉDITO INDUSTRIAL ( L.E. )', 4, 226, 1);
insert into projudi.guia_modelo (guia_modelo, id_guia_tipo, id_proc_tipo, codigo_temp) values ( 'FINAL - COMPROMISSO ARBITRAL ( L.E. )', 4, 227, 1);
insert into projudi.guia_modelo (guia_modelo, id_guia_tipo, id_proc_tipo, codigo_temp) values ( 'FINAL - CONSIGNATÓRIA DE ALUGUÉIS ( L.E. )', 4, 228, 1);
insert into projudi.guia_modelo (guia_modelo, id_guia_tipo, id_proc_tipo, codigo_temp) values ( 'FINAL - DEPÓSITO DA LEI 8. 866/94 ( L.E. )', 4, 229, 1);
insert into projudi.guia_modelo (guia_modelo, id_guia_tipo, id_proc_tipo, codigo_temp) values ( 'FINAL - DESAPROPRIAÇÃO ( L.E. )', 4, 230, 1);
insert into projudi.guia_modelo (guia_modelo, id_guia_tipo, id_proc_tipo, codigo_temp) values ( 'FINAL - DISCRIMINATÓRIA ( L.E. )', 4, 231, 1);
insert into projudi.guia_modelo (guia_modelo, id_guia_tipo, id_proc_tipo, codigo_temp) values ( 'FINAL - DISSOLUÇÃO E LIQUIDAÇÃO DE SOCIEDADE ( L.E.; CPC )', 4, 232, 1);
insert into projudi.guia_modelo (guia_modelo, id_guia_tipo, id_proc_tipo, codigo_temp) values ( 'FINAL - DIVÓRCIO LITIGIOSO ( L.E. )', 4, 233, 1);
insert into projudi.guia_modelo (guia_modelo, id_guia_tipo, id_proc_tipo, codigo_temp) values ( 'FINAL - DÚVIDA ( L.E. )', 4, 234, 1);
insert into projudi.guia_modelo (guia_modelo, id_guia_tipo, id_proc_tipo, codigo_temp) values ( 'FINAL - EXPROPRIAÇÃO DA LEI 8.257/91 ( L.E. )', 4, 235, 1);
insert into projudi.guia_modelo (guia_modelo, id_guia_tipo, id_proc_tipo, codigo_temp) values ( 'FINAL - FALÊNCIA DE EMPRESÁRIOS, SOCIEDADES EMPRESÁRIAIS, MICROEMPRESAS E EMPRESAS DE PEQUENO PORTE ( L.E. )', 4, 236, 1);
insert into projudi.guia_modelo (guia_modelo, id_guia_tipo, id_proc_tipo, codigo_temp) values ( 'FINAL - HABEAS DATA ( L.E. )', 4, 237, 1);
insert into projudi.guia_modelo (guia_modelo, id_guia_tipo, id_proc_tipo, codigo_temp) values ( 'FINAL - HABILITAÇÃO DE CRÉDITO ( L.E. )', 4, 238, 1);
insert into projudi.guia_modelo (guia_modelo, id_guia_tipo, id_proc_tipo, codigo_temp) values ( 'FINAL - IMISSÃO NA POSSE ( L.E. )', 4, 239, 1);
insert into projudi.guia_modelo (guia_modelo, id_guia_tipo, id_proc_tipo, codigo_temp) values ( 'FINAL - IMPUGNAÇÃO DE CRÉDITO ( L.E. )', 4, 240, 1);
insert into projudi.guia_modelo (guia_modelo, id_guia_tipo, id_proc_tipo, codigo_temp) values ( 'FINAL - INQUÉRITO EXTRAJUDICIAL ( L.E. )', 4, 241, 1);
insert into projudi.guia_modelo (guia_modelo, id_guia_tipo, id_proc_tipo, codigo_temp) values ( 'FINAL - MANDADO DE SEGURANÇA COLETIVO ( CF; LEI 8437/92 )', 4, 242, 1);
insert into projudi.guia_modelo (guia_modelo, id_guia_tipo, id_proc_tipo, codigo_temp) values ( 'FINAL - AVERIGUAÇÃO DE PATERNIDADE ( L.8.560/92 )', 4, 243, 1);
insert into projudi.guia_modelo (guia_modelo, id_guia_tipo, id_proc_tipo, codigo_temp) values ( 'FINAL - PEDIDO DE RESPOSTA OU RETIFICAÇÃO DA LEI DE IMPRENSA ( L.E. )', 4, 244, 1);
insert into projudi.guia_modelo (guia_modelo, id_guia_tipo, id_proc_tipo, codigo_temp) values ( 'FINAL - PROTESTO FORMADO A BORDO ( CPC/39 )', 4, 245, 1);
insert into projudi.guia_modelo (guia_modelo, id_guia_tipo, id_proc_tipo, codigo_temp) values ( 'FINAL - RECUPERAÇÃO EXTRAJUDICIAL ( L.E. )', 4, 246, 1);
insert into projudi.guia_modelo (guia_modelo, id_guia_tipo, id_proc_tipo, codigo_temp) values ( 'FINAL - RECUPERAÇÃO JUDICIAL ( L.E. )', 4, 247, 1);
insert into projudi.guia_modelo (guia_modelo, id_guia_tipo, id_proc_tipo, codigo_temp) values ( 'FINAL - REGISTRO TORRENS ( L.E. )', 4, 248, 1);
insert into projudi.guia_modelo (guia_modelo, id_guia_tipo, id_proc_tipo, codigo_temp) values ( 'FINAL - RELATÓRIO FALIMENTAR ( L.E. )', 4, 249, 1);
insert into projudi.guia_modelo (guia_modelo, id_guia_tipo, id_proc_tipo, codigo_temp) values ( 'FINAL - REMIÇÃO DO IMÓVEL HIPOTECADO ( LE )', 4, 250, 1);
insert into projudi.guia_modelo (guia_modelo, id_guia_tipo, id_proc_tipo, codigo_temp) values ( 'FINAL - RENOVATÓRIA DE LOCAÇÃO ( CPC )', 4, 251, 1);
insert into projudi.guia_modelo (guia_modelo, id_guia_tipo, id_proc_tipo, codigo_temp) values ( 'FINAL - RESTITUIÇÃO DE COISA OU DINHEIRO NA FALÊNCIA DO DEVEDOR EMPRESÁRIO ( L.E. )', 4, 252, 1);
insert into projudi.guia_modelo (guia_modelo, id_guia_tipo, id_proc_tipo, codigo_temp) values ( 'FINAL - REVISIONAL DE ALUGUEL ( L.E. )', 4, 253, 1);
insert into projudi.guia_modelo (guia_modelo, id_guia_tipo, id_proc_tipo, codigo_temp) values ( 'FINAL - SEPARAÇÃO LITIGIOSA ( L 6515/77 )', 4, 254, 1);
insert into projudi.guia_modelo (guia_modelo, id_guia_tipo, id_proc_tipo, codigo_temp) values ( 'FINAL - SONEGADOS ( CC )', 4, 255, 1);
insert into projudi.guia_modelo (guia_modelo, id_guia_tipo, id_proc_tipo, codigo_temp) values ( 'FINAL - SUPRIMENTO DE IDADE E/OU CONSENTIMENTO ( CC )', 4, 256, 1);
insert into projudi.guia_modelo (guia_modelo, id_guia_tipo, id_proc_tipo, codigo_temp) values ( 'FINAL - LIQUIDAÇÃO POR ARBITRAMENTO ( CPC )', 4, 257, 1);
insert into projudi.guia_modelo (guia_modelo, id_guia_tipo, id_proc_tipo, codigo_temp) values ( 'FINAL - LIQUIDAÇÃO POR ARTIGOS ( CPC )', 4, 258, 1);
insert into projudi.guia_modelo (guia_modelo, id_guia_tipo, id_proc_tipo, codigo_temp) values ( 'FINAL - LIQUIDAÇÃO PROVISÓRIA POR ARBITRAMENTO ( CPC )', 4, 259, 1);
insert into projudi.guia_modelo (guia_modelo, id_guia_tipo, id_proc_tipo, codigo_temp) values ( 'FINAL - LIQUIDAÇÃO PROVISÓRIA POR ARTIGOS ( CPC )', 4, 260, 1);
insert into projudi.guia_modelo (guia_modelo, id_guia_tipo, id_proc_tipo, codigo_temp) values ( 'FINAL - PROCEDIMENTO DE CUMPRIMENTO DE SENTENÇA (  )', 4, 261, 1);
insert into projudi.guia_modelo (guia_modelo, id_guia_tipo, id_proc_tipo, codigo_temp) values ( 'FINAL - INSOLVÊNCIA CIVIL ( CPC )', 4, 262, 1);
insert into projudi.guia_modelo (guia_modelo, id_guia_tipo, id_proc_tipo, codigo_temp) values ( 'FINAL - INSOLVÊNCIA REQUERIDA PELO CREDOR ( CPC )', 4, 263, 1);
insert into projudi.guia_modelo (guia_modelo, id_guia_tipo, id_proc_tipo, codigo_temp) values ( 'FINAL - INSOLVÊNCIA REQUERIDA PELO DEVEDOR OU PELO ESPÓLIO ( CPC )', 4, 264, 1);
insert into projudi.guia_modelo (guia_modelo, id_guia_tipo, id_proc_tipo, codigo_temp) values ( 'FINAL - EMBARGOS À ADJUDICAÇÃO ( CPC )', 4, 265, 1);
insert into projudi.guia_modelo (guia_modelo, id_guia_tipo, id_proc_tipo, codigo_temp) values ( 'FINAL - EMBARGOS À ARREMATAÇÃO ( CPC )', 4, 266, 1);
insert into projudi.guia_modelo (guia_modelo, id_guia_tipo, id_proc_tipo, codigo_temp) values ( 'FINAL - ALIMENTOS - PROVISIONAIS ( CPC )', 4, 267, 1);
insert into projudi.guia_modelo (guia_modelo, id_guia_tipo, id_proc_tipo, codigo_temp) values ( 'FINAL - APREENSÃO DE  TÍTULOS ( CPC )', 4, 268, 1);
insert into projudi.guia_modelo (guia_modelo, id_guia_tipo, id_proc_tipo, codigo_temp) values ( 'FINAL - ARRESTO  ( CPC )', 4, 269, 1);
insert into projudi.guia_modelo (guia_modelo, id_guia_tipo, id_proc_tipo, codigo_temp) values ( 'FINAL - ARROLAMENTO DE BENS ( CPC )', 4, 270, 1);
insert into projudi.guia_modelo (guia_modelo, id_guia_tipo, id_proc_tipo, codigo_temp) values ( 'FINAL - ATENTADO ( CPC )', 4, 271, 1);
insert into projudi.guia_modelo (guia_modelo, id_guia_tipo, id_proc_tipo, codigo_temp) values ( 'FINAL - BUSCA E APREENSÃO ( CPC )', 4, 272, 1);
insert into projudi.guia_modelo (guia_modelo, id_guia_tipo, id_proc_tipo, codigo_temp) values ( 'FINAL - CAUÇÃO ( CPC )', 4, 273, 1);
insert into projudi.guia_modelo (guia_modelo, id_guia_tipo, id_proc_tipo, codigo_temp) values ( 'FINAL - CAUTELAR INOMINADA ( CPC )', 4, 274, 1);
insert into projudi.guia_modelo (guia_modelo, id_guia_tipo, id_proc_tipo, codigo_temp) values ( 'FINAL - EXIBIÇÃO ( CPC )', 4, 275, 1);
insert into projudi.guia_modelo (guia_modelo, id_guia_tipo, id_proc_tipo, codigo_temp) values ( 'FINAL - HOMOLOGAÇÃO DO PENHOR LEGAL ( CPC )', 4, 276, 1);
insert into projudi.guia_modelo (guia_modelo, id_guia_tipo, id_proc_tipo, codigo_temp) values ( 'FINAL - PROTESTO ( CPC )', 4, 277, 1);
insert into projudi.guia_modelo (guia_modelo, id_guia_tipo, id_proc_tipo, codigo_temp) values ( 'FINAL - POSSE EM NOME DO NASCITURO ( CPC )', 4, 278, 1);
insert into projudi.guia_modelo (guia_modelo, id_guia_tipo, id_proc_tipo, codigo_temp) values ( 'FINAL - PRODUÇÃO ANTECIPADA DE PROVAS ( CPC )', 4, 279, 1);
insert into projudi.guia_modelo (guia_modelo, id_guia_tipo, id_proc_tipo, codigo_temp) values ( 'FINAL - REGULAMENTAÇÃO DE VISITAS ( CPC )', 4, 280, 1);
insert into projudi.guia_modelo (guia_modelo, id_guia_tipo, id_proc_tipo, codigo_temp) values ( 'FINAL - SEPARAÇÃO DE CORPOS ( CPC )', 4, 281, 1);
insert into projudi.guia_modelo (guia_modelo, id_guia_tipo, id_proc_tipo, codigo_temp) values ( 'FINAL - SEQÜESTRO ( CPC )', 4, 282, 1);
insert into projudi.guia_modelo (guia_modelo, id_guia_tipo, id_proc_tipo, codigo_temp) values ( 'FINAL - EMBARGOS INFRINGENTES NA EXECUÇÃO FISCAL ( LEI Nº. 6.830/80 )', 4, 283, 1);
insert into projudi.guia_modelo (guia_modelo, id_guia_tipo, id_proc_tipo, codigo_temp) values ( 'FINAL - IMPUGNAÇÃO AO PEDIDO DE ASSISTÊNCIA LITISCONSORCIAL OU SIMPLES ( CPC )', 4, 284, 1);
insert into projudi.guia_modelo (guia_modelo, id_guia_tipo, id_proc_tipo, codigo_temp) values ( 'FINAL - IMPUGNAÇÃO AO VALOR DA CAUSA ( CPC )', 4, 285, 1);
insert into projudi.guia_modelo (guia_modelo, id_guia_tipo, id_proc_tipo, codigo_temp) values ( 'FINAL - INCIDENTE DE FALSIDADE ( CPC )', 4, 286, 1);
insert into projudi.guia_modelo (guia_modelo, id_guia_tipo, id_proc_tipo, codigo_temp) values ( 'FINAL - REMOÇÃO DE INVENTARIANTE ( CPC )', 4, 287, 1);
insert into projudi.guia_modelo (guia_modelo, id_guia_tipo, id_proc_tipo, codigo_temp) values ( 'FINAL - OPOSIÇÃO ( CPC )', 4, 288, 1);
insert into projudi.guia_modelo (guia_modelo, id_guia_tipo, id_proc_tipo, codigo_temp) values ( 'FINAL - HABILITAÇÃO PARA CASAMENTO ( L.E. )', 4, 289, 1);
insert into projudi.guia_modelo (guia_modelo, id_guia_tipo, id_proc_tipo, codigo_temp) values ( 'FINAL - INSTRUÇÃO DE RESCISÓRIA ( CPC )', 4, 290, 1);
insert into projudi.guia_modelo (guia_modelo, id_guia_tipo, id_proc_tipo, codigo_temp) values ( 'FINAL - REGISTRO DE CASAMENTO NUNCUPATIVO ( CCB E L. 6015/73 )', 4, 291, 1);
insert into projudi.guia_modelo (guia_modelo, id_guia_tipo, id_proc_tipo, codigo_temp) values ( 'FINAL - CARTA DE ORDEM ( CPC )', 4, 292, 1);
insert into projudi.guia_modelo (guia_modelo, id_guia_tipo, id_proc_tipo, codigo_temp) values ( 'FINAL - NOTIFICAÇÃO PARA EXPLICAÇÕES (LEI DE IMPRENSA) ( LEI ESPARSA )', 4, 293, 1);
insert into projudi.guia_modelo (guia_modelo, id_guia_tipo, id_proc_tipo, codigo_temp) values ( 'FINAL - AÇÃO PENAL DE COMPETÊNCIA DO JÚRI ( CPP )', 4, 294, 1);
insert into projudi.guia_modelo (guia_modelo, id_guia_tipo, id_proc_tipo, codigo_temp) values ( 'FINAL - AÇÃO PENAL - PROCEDIMENTO ORDINÁRIO ( CPP )', 4, 295, 1);
insert into projudi.guia_modelo (guia_modelo, id_guia_tipo, id_proc_tipo, codigo_temp) values ( 'FINAL - PROCESSO SUMÁRIO (DETENÇÃO) ( CPP )', 4, 296, 1);
insert into projudi.guia_modelo (guia_modelo, id_guia_tipo, id_proc_tipo, codigo_temp) values ( 'FINAL - PEDIDO DE QUEBRA DE SIGILO DE DADOS E/OU TELEFÔNICO ( L.E )', 4, 297, 1);
insert into projudi.guia_modelo (guia_modelo, id_guia_tipo, id_proc_tipo, codigo_temp) values ( 'FINAL - MEDIDAS INVESTIGATÓRIAS SOBRE ORGANIZAÇÕES CRIMINOSAS ( LEI ESPARSA )', 4, 298, 1);
insert into projudi.guia_modelo (guia_modelo, id_guia_tipo, id_proc_tipo, codigo_temp) values ( 'FINAL - PEDIDO DE PRISÃO TEMPORÁRIA ( L.E )', 4, 299, 1);
insert into projudi.guia_modelo (guia_modelo, id_guia_tipo, id_proc_tipo, codigo_temp) values ( 'FINAL - SEQÜESTRO ( CPP )', 4, 300, 1);
insert into projudi.guia_modelo (guia_modelo, id_guia_tipo, id_proc_tipo, codigo_temp) values ( 'FINAL - ARRESTO / HIPOTECA LEGAL ( CPP )', 4, 301, 1);
insert into projudi.guia_modelo (guia_modelo, id_guia_tipo, id_proc_tipo, codigo_temp) values ( 'FINAL - INCIDENTES (  )', 4, 302, 1);
insert into projudi.guia_modelo (guia_modelo, id_guia_tipo, id_proc_tipo, codigo_temp) values ( 'FINAL - INCIDENTE DE FALSIDADE ( CPP )', 4, 303, 1);
insert into projudi.guia_modelo (guia_modelo, id_guia_tipo, id_proc_tipo, codigo_temp) values ( 'FINAL - INSANIDADE MENTAL DO ACUSADO ( CPP )', 4, 304, 1);
insert into projudi.guia_modelo (guia_modelo, id_guia_tipo, id_proc_tipo, codigo_temp) values ( 'FINAL - EXECUÇÃO DA PENA ( LEI 7210 - LEP )', 4, 305, 1);
insert into projudi.guia_modelo (guia_modelo, id_guia_tipo, id_proc_tipo, codigo_temp) values ( 'FINAL - CONVERSÃO DE PENA ( L.E )', 4, 306, 1);
insert into projudi.guia_modelo (guia_modelo, id_guia_tipo, id_proc_tipo, codigo_temp) values ( 'FINAL - EXCESSO OU DESVIO ( L.E )', 4, 307, 1);
insert into projudi.guia_modelo (guia_modelo, id_guia_tipo, id_proc_tipo, codigo_temp) values ( 'FINAL - ANISTIA ( L.E )', 4, 308, 1);
insert into projudi.guia_modelo (guia_modelo, id_guia_tipo, id_proc_tipo, codigo_temp) values ( 'FINAL - INDULTO ( L.E )', 4, 309, 1);
insert into projudi.guia_modelo (guia_modelo, id_guia_tipo, id_proc_tipo, codigo_temp) values ( 'FINAL - COMUTAÇÃO DE PENA ( L.E )', 4, 310, 1);
insert into projudi.guia_modelo (guia_modelo, id_guia_tipo, id_proc_tipo, codigo_temp) values ( 'FINAL - PROTESTO POR NOVO JÚRI ( CPP )', 4, 311, 1);
insert into projudi.guia_modelo (guia_modelo, id_guia_tipo, id_proc_tipo, codigo_temp) values ( 'FINAL - EXECUÇÃO CONTRA A FAZENDA PÚBLICA ( CPC )', 4, 312, 1);
insert into projudi.guia_modelo (guia_modelo, id_guia_tipo, id_proc_tipo, codigo_temp) values ( 'FINAL - EXECUÇÃO HIPOTECÁRIA DO SISTEMA FINANCEIRO DA HABITAÇÃO ( L. 5741/71 )', 4, 313, 1);
insert into projudi.guia_modelo (guia_modelo, id_guia_tipo, id_proc_tipo, codigo_temp) values ( 'FINAL - EMBARGOS À EXECUÇÃO FISCAL ( L. 6830/80 )', 4, 314, 1);
insert into projudi.guia_modelo (guia_modelo, id_guia_tipo, id_proc_tipo, codigo_temp) values ( 'FINAL - TUTELA E CURATELA - REMOÇÃO E DISPENSA ( CPC )', 4, 315, 1);
insert into projudi.guia_modelo (guia_modelo, id_guia_tipo, id_proc_tipo, codigo_temp) values ( 'FINAL - JUSTIFICAÇÃO DE DINHEIRO A RISCO ( CPC/1939 )', 4, 316, 1);
insert into projudi.guia_modelo (guia_modelo, id_guia_tipo, id_proc_tipo, codigo_temp) values ( 'FINAL - SUPERVENIÊNCIA DE DOENÇA MENTAL ( 7.210 (LEP) )', 4, 317, 1);
insert into projudi.guia_modelo (guia_modelo, id_guia_tipo, id_proc_tipo, codigo_temp) values ( 'FINAL - UNIFICAÇÃO DE PENAS ( CP )', 4, 318, 1);
insert into projudi.guia_modelo (guia_modelo, id_guia_tipo, id_proc_tipo, codigo_temp) values ( 'FINAL - TRANSFERÊNCIA ENTRE ESTABELECIMENTOS PENAIS ( LEP )', 4, 319, 1);
insert into projudi.guia_modelo (guia_modelo, id_guia_tipo, id_proc_tipo, codigo_temp) values ( 'FINAL - OUTRAS MEDIDAS PROVISIONAIS ( CPC )', 4, 320, 1);
insert into projudi.guia_modelo (guia_modelo, id_guia_tipo, id_proc_tipo, codigo_temp) values ( 'FINAL - REABILITAÇÃO ( CP  )', 4, 321, 1);
insert into projudi.guia_modelo (guia_modelo, id_guia_tipo, id_proc_tipo, codigo_temp) values ( 'FINAL - OUTROS PROCEDIMENTOS DE JURISDIÇÃO VOLUNTÁRIA ( CPC )', 4, 322, 1);
insert into projudi.guia_modelo (guia_modelo, id_guia_tipo, id_proc_tipo, codigo_temp) values ( 'FINAL - ALVARÁ JUDICIAL ( CPC )', 4, 323, 1);
insert into projudi.guia_modelo (guia_modelo, id_guia_tipo, id_proc_tipo, codigo_temp) values ( 'FINAL - AÇÃO DE ALIMENTOS ( L. 8069/90 )', 4, 324, 1);
insert into projudi.guia_modelo (guia_modelo, id_guia_tipo, id_proc_tipo, codigo_temp) values ( 'FINAL - REVISÃO JUDICIAL DE DECISÃO DO CONSELHO TUTELAR ( L. 8069/90 )', 4, 325, 1);
insert into projudi.guia_modelo (guia_modelo, id_guia_tipo, id_proc_tipo, codigo_temp) values ( 'FINAL - APURAÇÃO DE IRREGULARIDADES EM ENTIDADES DE ATENDIMENTO ( L. 8069/90 )', 4, 326, 1);
insert into projudi.guia_modelo (guia_modelo, id_guia_tipo, id_proc_tipo, codigo_temp) values ( 'FINAL - APURAÇÃO DE INFRAÇÃO ADMINISTRATIVA ÀS NORMAS DE PROTEÇÃO À CRIANÇA OU ADOLESCENTE ( L. 8069/90 )', 4, 327, 1);
insert into projudi.guia_modelo (guia_modelo, id_guia_tipo, id_proc_tipo, codigo_temp) values ( 'FINAL - TUTELA ( L. 8069/90 )', 4, 328, 1);
insert into projudi.guia_modelo (guia_modelo, id_guia_tipo, id_proc_tipo, codigo_temp) values ( 'FINAL - TUTELA C/C DESTITUIÇÃO DO PODER FAMILIAR (  )', 4, 329, 1);
insert into projudi.guia_modelo (guia_modelo, id_guia_tipo, id_proc_tipo, codigo_temp) values ( 'FINAL - ADOÇÃO ( L. 8069/90 )', 4, 330, 1);
insert into projudi.guia_modelo (guia_modelo, id_guia_tipo, id_proc_tipo, codigo_temp) values ( 'FINAL - ADOÇÃO C/C DESTITUIÇÃO DO PODER FAMILIAR ( L. 8069/90 )', 4, 331, 1);
insert into projudi.guia_modelo (guia_modelo, id_guia_tipo, id_proc_tipo, codigo_temp) values ( 'FINAL - SUPRIMENTO DE CAPACIDADE OU DE CONSENTIMENTO PARA CASAR ( L. 8069/90 )', 4, 332, 1);
insert into projudi.guia_modelo (guia_modelo, id_guia_tipo, id_proc_tipo, codigo_temp) values ( 'FINAL - EMANCIPAÇÃO ( L. 8069/90 )', 4, 333, 1);
insert into projudi.guia_modelo (guia_modelo, id_guia_tipo, id_proc_tipo, codigo_temp) values ( 'FINAL - REGULARIZAÇÃO DE REGISTRO CIVIL (  )', 4, 334, 1);
insert into projudi.guia_modelo (guia_modelo, id_guia_tipo, id_proc_tipo, codigo_temp) values ( 'FINAL - GUARDA (  )', 4, 335, 1);
insert into projudi.guia_modelo (guia_modelo, id_guia_tipo, id_proc_tipo, codigo_temp) values ( 'FINAL - PROVIDÊNCIA  ( ECA )', 4, 336, 1);
insert into projudi.guia_modelo (guia_modelo, id_guia_tipo, id_proc_tipo, codigo_temp) values ( 'FINAL - PRESTAÇÃO DE CONTAS (  )', 4, 337, 1);
insert into projudi.guia_modelo (guia_modelo, id_guia_tipo, id_proc_tipo, codigo_temp) values ( 'FINAL - PERDA OU SUSPENSÃO OU RESTABELECIMENTO DO PODER FAMILIAR (  )', 4, 338, 1);
insert into projudi.guia_modelo (guia_modelo, id_guia_tipo, id_proc_tipo, codigo_temp) values ( 'FINAL - EXECUÇÃO DE ALIMENTOS (  )', 4, 339, 1);
insert into projudi.guia_modelo (guia_modelo, id_guia_tipo, id_proc_tipo, codigo_temp) values ( 'FINAL - MEDIDAS DE PROTEÇÃO À CRIANÇA E ADOLESCENTE (  )', 4, 340, 1);
insert into projudi.guia_modelo (guia_modelo, id_guia_tipo, id_proc_tipo, codigo_temp) values ( 'FINAL - EXECUÇÃO DE MULTA ( ECA )', 4, 341, 1);
insert into projudi.guia_modelo (guia_modelo, id_guia_tipo, id_proc_tipo, codigo_temp) values ( 'FINAL - BUSCA E APREENSÃO (  )', 4, 342, 1);
insert into projudi.guia_modelo (guia_modelo, id_guia_tipo, id_proc_tipo, codigo_temp) values ( 'FINAL - CAUTELAR INOMINADA (  )', 4, 343, 1);
insert into projudi.guia_modelo (guia_modelo, id_guia_tipo, id_proc_tipo, codigo_temp) values ( 'FINAL - CARTA DE ORDEM (  )', 4, 344, 1);
insert into projudi.guia_modelo (guia_modelo, id_guia_tipo, id_proc_tipo, codigo_temp) values ( 'FINAL - CARTA PRECATÓRIA (  )', 4, 345, 1);
insert into projudi.guia_modelo (guia_modelo, id_guia_tipo, id_proc_tipo, codigo_temp) values ( 'FINAL - PROCEDIMENTOS INVESTIGATÓRIOS ( ECA )', 4, 346, 1);
insert into projudi.guia_modelo (guia_modelo, id_guia_tipo, id_proc_tipo, codigo_temp) values ( 'FINAL - AUTO DE APREENSÃO EM FLAGRANTE ( ECA )', 4, 347, 1);
insert into projudi.guia_modelo (guia_modelo, id_guia_tipo, id_proc_tipo, codigo_temp) values ( 'FINAL - RELATÓRIO DE INVESTIGAÇÕES (  )', 4, 348, 1);
insert into projudi.guia_modelo (guia_modelo, id_guia_tipo, id_proc_tipo, codigo_temp) values ( 'FINAL - BOLETIM DE OCORRÊNCIA CIRCUNSTANCIADA ( ECA )', 4, 349, 1);
insert into projudi.guia_modelo (guia_modelo, id_guia_tipo, id_proc_tipo, codigo_temp) values ( 'FINAL - PROCESSO DE APURAÇÃO DE ATO INFRACIONAL ( ECA )', 4, 350, 1);
insert into projudi.guia_modelo (guia_modelo, id_guia_tipo, id_proc_tipo, codigo_temp) values ( 'FINAL - INTERNAÇÃO COM ATIVIDADES EXTERNAS ( ECA )', 4, 351, 1);
insert into projudi.guia_modelo (guia_modelo, id_guia_tipo, id_proc_tipo, codigo_temp) values ( 'FINAL - INTERNAÇÃO SEM ATIVIDADES EXTERNAS ( ECA )', 4, 352, 1);
insert into projudi.guia_modelo (guia_modelo, id_guia_tipo, id_proc_tipo, codigo_temp) values ( 'FINAL - SEMILIBERDADE ( ECA )', 4, 353, 1);
insert into projudi.guia_modelo (guia_modelo, id_guia_tipo, id_proc_tipo, codigo_temp) values ( 'FINAL - LIBERDADE ASSISTIDA ( ECA )', 4, 354, 1);
insert into projudi.guia_modelo (guia_modelo, id_guia_tipo, id_proc_tipo, codigo_temp) values ( 'FINAL - PRESTAÇÃO DE SERVIÇOS A COMUNIDADE ( ECA )', 4, 355, 1);
insert into projudi.guia_modelo (guia_modelo, id_guia_tipo, id_proc_tipo, codigo_temp) values ( 'FINAL - OBRIGAÇÃO DE REPARAR O DANO ( ECA )', 4, 356, 1);
insert into projudi.guia_modelo (guia_modelo, id_guia_tipo, id_proc_tipo, codigo_temp) values ( 'FINAL - ADVERTÊNCIA  ( ECA )', 4, 357, 1);
insert into projudi.guia_modelo (guia_modelo, id_guia_tipo, id_proc_tipo, codigo_temp) values ( 'FINAL - CARTA DE ORDEM (  )', 4, 358, 1);
insert into projudi.guia_modelo (guia_modelo, id_guia_tipo, id_proc_tipo, codigo_temp) values ( 'FINAL - CARTA PRECATÓRIA (  )', 4, 359, 1);
insert into projudi.guia_modelo (guia_modelo, id_guia_tipo, id_proc_tipo, codigo_temp) values ( 'FINAL - RETIFICAÇÃO DE REGISTRO DE IMÓVEL ( L. 6015/73 )', 4, 360, 1);
insert into projudi.guia_modelo (guia_modelo, id_guia_tipo, id_proc_tipo, codigo_temp) values ( 'FINAL - AÇÃO CIVIL PÚBLICA ( L. 8069/90 )', 4, 361, 1);
insert into projudi.guia_modelo (guia_modelo, id_guia_tipo, id_proc_tipo, codigo_temp) values ( 'FINAL - MANDADO DE SEGURANÇA ( L. 8069/90 )', 4, 362, 1);
insert into projudi.guia_modelo (guia_modelo, id_guia_tipo, id_proc_tipo, codigo_temp) values ( 'FINAL - AUTORIZAÇÃO JUDICIAL (  )', 4, 363, 1);
insert into projudi.guia_modelo (guia_modelo, id_guia_tipo, id_proc_tipo, codigo_temp) values ( 'FINAL - EMBARGOS DE TERCEIRO (  )', 4, 364, 1);
insert into projudi.guia_modelo (guia_modelo, id_guia_tipo, id_proc_tipo, codigo_temp) values ( 'FINAL - REMOÇÃO, MODIFICAÇÃO  E DISPENSA DE TUTOR OU CURADOR (  )', 4, 365, 1);
insert into projudi.guia_modelo (guia_modelo, id_guia_tipo, id_proc_tipo, codigo_temp) values ( 'FINAL - PROCEDIMENTO ORDINÁRIO (  )', 4, 366, 1);
insert into projudi.guia_modelo (guia_modelo, id_guia_tipo, id_proc_tipo, codigo_temp) values ( 'FINAL - EXECUÇÃO PROVISÓRIA ( LEI 7210/84 )', 4, 367, 1);
insert into projudi.guia_modelo (guia_modelo, id_guia_tipo, id_proc_tipo, codigo_temp) values ( 'FINAL - EMBARGOS DO ACUSADO ( CPP )', 4, 368, 1);
insert into projudi.guia_modelo (guia_modelo, id_guia_tipo, id_proc_tipo, codigo_temp) values ( 'FINAL - ALIENAÇÃO DE BENS DO ACUSADO ( LEI 11343/06 )', 4, 369, 1);
insert into projudi.guia_modelo (guia_modelo, id_guia_tipo, id_proc_tipo, codigo_temp) values ( 'FINAL - AVALIAÇÃO PARA ATESTAR DEPENDÊNCIA DE DROGAS ( LEI Nº 11.343/06 )', 4, 370, 1);
insert into projudi.guia_modelo (guia_modelo, id_guia_tipo, id_proc_tipo, codigo_temp) values ( 'FINAL - NOTIFICAÇÃO ( CPC )', 4, 371, 1);
insert into projudi.guia_modelo (guia_modelo, id_guia_tipo, id_proc_tipo, codigo_temp) values ( 'FINAL - INTERPELAÇÃO ( CPC )', 4, 372, 1);
insert into projudi.guia_modelo (guia_modelo, id_guia_tipo, id_proc_tipo, codigo_temp) values ( 'FINAL - HABILITAÇÃO PARA ADOÇÃO ( LEI 8069/90 )', 4, 373, 1);
insert into projudi.guia_modelo (guia_modelo, id_guia_tipo, id_proc_tipo, codigo_temp) values ( 'FINAL - AÇÃO PENAL - PROCEDIMENTO SUMÁRIO ( CP )', 4, 374, 1);
insert into projudi.guia_modelo (guia_modelo, id_guia_tipo, id_proc_tipo, codigo_temp) values ( 'FINAL - AÇÃO PENAL - PROCEDIMENTO SUMARÍSSIMO ( CPP )', 4, 375, 1);
insert into projudi.guia_modelo (guia_modelo, id_guia_tipo, id_proc_tipo, codigo_temp) values ( 'FINAL - ARGUIÇÃO DE INCONSTITUCIONALIDADE', 4, 376, 1);
insert into projudi.guia_modelo (guia_modelo, id_guia_tipo, id_proc_tipo, codigo_temp) values ( 'FINAL - RECURSO ESPECIAL', 4, 377, 1);
insert into projudi.guia_modelo (guia_modelo, id_guia_tipo, id_proc_tipo, codigo_temp) values ( 'FINAL - RECURSO EXTRAORDINÁRIO', 4, 378, 1);
insert into projudi.guia_modelo (guia_modelo, id_guia_tipo, id_proc_tipo, codigo_temp) values ( 'FINAL - EMBARGOS INFRINGENTES', 4, 379, 1);
insert into projudi.guia_modelo (guia_modelo, id_guia_tipo, id_proc_tipo, codigo_temp) values ( 'FINAL - CONFLITO DE COMPETÊNCIA', 4, 380, 1);
insert into projudi.guia_modelo (guia_modelo, id_guia_tipo, id_proc_tipo, codigo_temp) values ( 'FINAL - REEXAME NECESSÁRIO', 4, 381, 1);
insert into projudi.guia_modelo (guia_modelo, id_guia_tipo, id_proc_tipo, codigo_temp) values ( 'FINAL - PROCESSO FÍSICO - CÁLCULO DE LIQUIDAÇÃO DE PENA', 4, 382, 1);
insert into projudi.guia_modelo (guia_modelo, id_guia_tipo, id_proc_tipo, codigo_temp) values ( 'FINAL - APELAÇÃO / REEXAME NECESSÁRIO ', 4, 383, 1);
insert into projudi.guia_modelo (guia_modelo, id_guia_tipo, id_proc_tipo, codigo_temp) values ( 'FINAL - PROCEDIMENTO DE CONHECIMENTO', 4, 384, 1);
insert into projudi.guia_modelo (guia_modelo, id_guia_tipo, id_proc_tipo, codigo_temp) values ( 'FINAL - EXECUÇÃO DE TÍTULO JUDICIAL', 4, 385, 1);
insert into projudi.guia_modelo (guia_modelo, id_guia_tipo, id_proc_tipo, codigo_temp) values ( 'FINAL - AÇÃO RESCISÓRIA', 4, 386, 1);
insert into projudi.guia_modelo (guia_modelo, id_guia_tipo, id_proc_tipo, codigo_temp) values ( 'FINAL - CORREIÇÃO PARCIAL OU RECLAMAÇÃO CORREICIONAL', 4, 387, 1);
insert into projudi.guia_modelo (guia_modelo, id_guia_tipo, id_proc_tipo, codigo_temp) values ( 'FINAL - DIRETA DE INCONSTITUCIONALIDADE', 4, 388, 1);
insert into projudi.guia_modelo (guia_modelo, id_guia_tipo, id_proc_tipo, codigo_temp) values ( 'FINAL - MANDADO DE INJUNÇÃO', 4, 389, 1);
insert into projudi.guia_modelo (guia_modelo, id_guia_tipo, id_proc_tipo, codigo_temp) values ( 'FINAL - SUSPENSÃO DE LIMINAR OU ANTECIPAÇÃO DE TUTELA', 4, 390, 1);
insert into projudi.guia_modelo (guia_modelo, id_guia_tipo, id_proc_tipo, codigo_temp) values ( 'FINAL - SUSPENSÃO DE EXECUÇÃO DE SENTENÇA', 4, 391, 1);
insert into projudi.guia_modelo (guia_modelo, id_guia_tipo, id_proc_tipo, codigo_temp) values ( 'FINAL - COMUNICAÇÃO', 4, 392, 1);
insert into projudi.guia_modelo (guia_modelo, id_guia_tipo, id_proc_tipo, codigo_temp) values ( 'FINAL - RECLAMAÇÃO', 4, 393, 1);
insert into projudi.guia_modelo (guia_modelo, id_guia_tipo, id_proc_tipo, codigo_temp) values ( 'FINAL - REPRESENTAÇÃO POR EXCESSO DE PRAZO', 4, 394, 1);
insert into projudi.guia_modelo (guia_modelo, id_guia_tipo, id_proc_tipo, codigo_temp) values ( 'FINAL - CARTA ROGATÓRIA', 4, 395, 1);
insert into projudi.guia_modelo (guia_modelo, id_guia_tipo, id_proc_tipo, codigo_temp) values ( 'FINAL - AGRAVO DE INSTRUMENTO EM RECURSO ESPECIAL', 4, 396, 1);
insert into projudi.guia_modelo (guia_modelo, id_guia_tipo, id_proc_tipo, codigo_temp) values ( 'FINAL - AGRAVO REGIMENTAL', 4, 397, 1);
insert into projudi.guia_modelo (guia_modelo, id_guia_tipo, id_proc_tipo, codigo_temp) values ( 'FINAL - ARGÜIÇÃO DE INCONSTITUCIONALIDADE', 4, 398, 1);
insert into projudi.guia_modelo (guia_modelo, id_guia_tipo, id_proc_tipo, codigo_temp) values ( 'FINAL - INCIDENTE DE UNIFORMIZAÇÃO DE JURISPRUDÊNCIA', 4, 399, 1);
insert into projudi.guia_modelo (guia_modelo, id_guia_tipo, id_proc_tipo, codigo_temp) values ( 'FINAL - AVOCATÓRIA', 4, 400, 1);
insert into projudi.guia_modelo (guia_modelo, id_guia_tipo, id_proc_tipo, codigo_temp) values ( 'FINAL - EXECUÇÃO DE TÍTULO EXTRAJUDICIAL', 4, 401, 1);
insert into projudi.guia_modelo (guia_modelo, id_guia_tipo, id_proc_tipo, codigo_temp) values ( 'FINAL - EXECUÇÃO DE TERMO DE AJUSTE DE CONDUTA', 4, 402, 1);
insert into projudi.guia_modelo (guia_modelo, id_guia_tipo, id_proc_tipo, codigo_temp) values ( 'FINAL - EMBARGOS DE RENTENÇÃO POR BENFEITORIAS', 4, 489, 1);
insert into projudi.guia_modelo (guia_modelo, id_guia_tipo, id_proc_tipo, codigo_temp) values ( 'FINAL - EXCEÇÃO DE INCOMPETÊNCIA', 4, 490, 1);
insert into projudi.guia_modelo (guia_modelo, id_guia_tipo, id_proc_tipo, codigo_temp) values ( 'FINAL - TESTE TATHY', 4, 491, 1);
insert into projudi.guia_modelo (guia_modelo, id_guia_tipo, id_proc_tipo, codigo_temp) values ( 'FINAL - TESTE 2', 4, 492, 1);
insert into projudi.guia_modelo (guia_modelo, id_guia_tipo, id_proc_tipo, codigo_temp) values ( 'FINAL - EXECUÇÃO DE TERMO DE CONCILIAÇÃO DE CCP', 4, 403, 1);
insert into projudi.guia_modelo (guia_modelo, id_guia_tipo, id_proc_tipo, codigo_temp) values ( 'FINAL - EXECUÇÃO DE CERTIDÃO DE CRÉDITO JUDICIAL', 4, 404, 1);
insert into projudi.guia_modelo (guia_modelo, id_guia_tipo, id_proc_tipo, codigo_temp) values ( 'FINAL - EXECUÇÃO PROVISÓRIA EM AUTOS SUPLEMENTARES', 4, 405, 1);
insert into projudi.guia_modelo (guia_modelo, id_guia_tipo, id_proc_tipo, codigo_temp) values ( 'FINAL - CONFLITO DE JURISDIÇÃO', 4, 406, 1);
insert into projudi.guia_modelo (guia_modelo, id_guia_tipo, id_proc_tipo, codigo_temp) values ( 'FINAL - AGRAVO DE EXECUÇÃO PENAL', 4, 407, 1);
insert into projudi.guia_modelo (guia_modelo, id_guia_tipo, id_proc_tipo, codigo_temp) values ( 'FINAL - APELAÇÃO EM MANDADO DE SEGURANÇA', 4, 408, 1);
insert into projudi.guia_modelo (guia_modelo, id_guia_tipo, id_proc_tipo, codigo_temp) values ( 'FINAL - CARTA TESTEMUNHÁVEL', 4, 409, 1);
insert into projudi.guia_modelo (guia_modelo, id_guia_tipo, id_proc_tipo, codigo_temp) values ( 'FINAL - CORREIÇÃO PARCIAL', 4, 410, 1);
insert into projudi.guia_modelo (guia_modelo, id_guia_tipo, id_proc_tipo, codigo_temp) values ( 'FINAL - EMBARGOS INFRINGENTES E DE NULIDADE', 4, 411, 1);
insert into projudi.guia_modelo (guia_modelo, id_guia_tipo, id_proc_tipo, codigo_temp) values ( 'FINAL - RECURSO EM SENTIDO ESTRITO', 4, 412, 1);
insert into projudi.guia_modelo (guia_modelo, id_guia_tipo, id_proc_tipo, codigo_temp) values ( 'FINAL - REEXAME NECESSÁRIO', 4, 413, 1);
insert into projudi.guia_modelo (guia_modelo, id_guia_tipo, id_proc_tipo, codigo_temp) values ( 'FINAL - REVISÃO CRIMINAL', 4, 414, 1);
insert into projudi.guia_modelo (guia_modelo, id_guia_tipo, id_proc_tipo, codigo_temp) values ( 'FINAL - DESAFORAMENTO DE JULGAMENTO', 4, 415, 1);
insert into projudi.guia_modelo (guia_modelo, id_guia_tipo, id_proc_tipo, codigo_temp) values ( 'FINAL - INCIDENTE DE UNIFORMIZAÇÃO DE JURISPRUDÊNCIA', 4, 416, 1);
insert into projudi.guia_modelo (guia_modelo, id_guia_tipo, id_proc_tipo, codigo_temp) values ( 'FINAL - AÇÃO DE CUMPRIMENTO', 4, 417, 1);
insert into projudi.guia_modelo (guia_modelo, id_guia_tipo, id_proc_tipo, codigo_temp) values ( 'FINAL - AÇÃO TRABALHISTA - RITO ORDINÁRIO', 4, 418, 1);
insert into projudi.guia_modelo (guia_modelo, id_guia_tipo, id_proc_tipo, codigo_temp) values ( 'FINAL - INQUÉRITO PARA APURAÇÃO DE FALTA GRAVE', 4, 419, 1);
insert into projudi.guia_modelo (guia_modelo, id_guia_tipo, id_proc_tipo, codigo_temp) values ( 'FINAL - RECURSO ADMINISTRATIVO', 4, 420, 1);
insert into projudi.guia_modelo (guia_modelo, id_guia_tipo, id_proc_tipo, codigo_temp) values ( 'FINAL - RECLAMAÇÃO DISCIPLINAR', 4, 421, 1);
insert into projudi.guia_modelo (guia_modelo, id_guia_tipo, id_proc_tipo, codigo_temp) values ( 'FINAL - CORREIÇÃO EXTRAORDINÁRIA', 4, 422, 1);
insert into projudi.guia_modelo (guia_modelo, id_guia_tipo, id_proc_tipo, codigo_temp) values ( 'FINAL - INSPEÇÃO', 4, 423, 1);
insert into projudi.guia_modelo (guia_modelo, id_guia_tipo, id_proc_tipo, codigo_temp) values ( 'FINAL - RECURSO EM PROCESSO ADMINISTRATIVO DISCIPLINAR EM FACE DE SERVIDOR', 4, 424, 1);
insert into projudi.guia_modelo (guia_modelo, id_guia_tipo, id_proc_tipo, codigo_temp) values ( 'FINAL - CORREIÇÃO ORDINÁRIA', 4, 425, 1);
insert into projudi.guia_modelo (guia_modelo, id_guia_tipo, id_proc_tipo, codigo_temp) values ( 'FINAL - SINDICÂNCIA', 4, 426, 1);
insert into projudi.guia_modelo (guia_modelo, id_guia_tipo, id_proc_tipo, codigo_temp) values ( 'FINAL - AÇÃO TRABALHISTA - RITO SUMARÍSSIMO', 4, 427, 1);
insert into projudi.guia_modelo (guia_modelo, id_guia_tipo, id_proc_tipo, codigo_temp) values ( 'FINAL - AÇÃO TRABALHISTA - RITO SUMÁRIO (ALÇADA)', 4, 428, 1);
insert into projudi.guia_modelo (guia_modelo, id_guia_tipo, id_proc_tipo, codigo_temp) values ( 'FINAL - PEDIDO DE PROVIDÊNCIAS', 4, 429, 1);
insert into projudi.guia_modelo (guia_modelo, id_guia_tipo, id_proc_tipo, codigo_temp) values ( 'FINAL - AGRAVO', 4, 430, 1);
insert into projudi.guia_modelo (guia_modelo, id_guia_tipo, id_proc_tipo, codigo_temp) values ( 'FINAL - PROCESSO ADMINISTRATIVO DISCIPLINAR EM FACE DE SERVIDOR', 4, 431, 1);
insert into projudi.guia_modelo (guia_modelo, id_guia_tipo, id_proc_tipo, codigo_temp) values ( 'FINAL - PROCESSO ADMINISTRATIVO DISCIPLINAR EM FACE DE MAGISTRADO', 4, 432, 1);
insert into projudi.guia_modelo (guia_modelo, id_guia_tipo, id_proc_tipo, codigo_temp) values ( 'FINAL - PRECATÓRIO', 4, 433, 1);
insert into projudi.guia_modelo (guia_modelo, id_guia_tipo, id_proc_tipo, codigo_temp) values ( 'FINAL - REQUISIÇÃO DE PEQUENO VALOR', 4, 434, 1);
insert into projudi.guia_modelo (guia_modelo, id_guia_tipo, id_proc_tipo, codigo_temp) values ( 'FINAL - CONFLITO DE ATRIBUIÇÃO', 4, 435, 1);
insert into projudi.guia_modelo (guia_modelo, id_guia_tipo, id_proc_tipo, codigo_temp) values ( 'FINAL - DECLARATÓRIA DE CONSTITUCIONALIDADE', 4, 436, 1);
insert into projudi.guia_modelo (guia_modelo, id_guia_tipo, id_proc_tipo, codigo_temp) values ( 'FINAL - INTERVENÇÃO EM MUNICÍPIO', 4, 437, 1);
insert into projudi.guia_modelo (guia_modelo, id_guia_tipo, id_proc_tipo, codigo_temp) values ( 'FINAL - PROCESSO ADMINISTRATIVO', 4, 438, 1);
insert into projudi.guia_modelo (guia_modelo, id_guia_tipo, id_proc_tipo, codigo_temp) values ( 'FINAL - CORREIÇÃO PARCIAL', 4, 439, 1);
insert into projudi.guia_modelo (guia_modelo, id_guia_tipo, id_proc_tipo, codigo_temp) values ( 'FINAL - AGRAVO DE INSTRUMENTO EM RECURSO ESPECIAL', 4, 440, 1);
insert into projudi.guia_modelo (guia_modelo, id_guia_tipo, id_proc_tipo, codigo_temp) values ( 'FINAL - AGRAVO DE INSTRUMENTO EM RECURSO EXTRAORDINÁRIO', 4, 441, 1);
insert into projudi.guia_modelo (guia_modelo, id_guia_tipo, id_proc_tipo, codigo_temp) values ( 'FINAL - CONTRAPROTESTO JUDICIAL', 4, 442, 1);
insert into projudi.guia_modelo (guia_modelo, id_guia_tipo, id_proc_tipo, codigo_temp) values ( 'FINAL - AGRAVO REGIMENTAL', 4, 443, 1);
insert into projudi.guia_modelo (guia_modelo, id_guia_tipo, id_proc_tipo, codigo_temp) values ( 'FINAL - INVESTIGAÇÃO CONTRA MAGISTRADO', 4, 444, 1);
insert into projudi.guia_modelo (guia_modelo, id_guia_tipo, id_proc_tipo, codigo_temp) values ( 'FINAL - EXIBIÇÃO DE DOCUMENTO OU COISA ', 4, 445, 1);
insert into projudi.guia_modelo (guia_modelo, id_guia_tipo, id_proc_tipo, codigo_temp) values ( 'FINAL - IMPUGNAÇÃO AO VALOR DA CAUSA', 4, 446, 1);
insert into projudi.guia_modelo (guia_modelo, id_guia_tipo, id_proc_tipo, codigo_temp) values ( 'FINAL - JUSTIFICAÇÃO CRIMINAL', 4, 447, 1);
insert into projudi.guia_modelo (guia_modelo, id_guia_tipo, id_proc_tipo, codigo_temp) values ( 'FINAL - RESTITUIÇÃO DE COISAS APREENDIDAS - INFRACIONAL', 4, 448, 1);
insert into projudi.guia_modelo (guia_modelo, id_guia_tipo, id_proc_tipo, codigo_temp) values ( 'FINAL - PROCESSO DE APLICAÇÃO DE MEDIDA DE SEGURANÇA POR FATO NÃO CRIMINOSO', 4, 449, 1);
insert into projudi.guia_modelo (guia_modelo, id_guia_tipo, id_proc_tipo, codigo_temp) values ( 'FINAL - RECLAMAÇÃO PRÉ-PROCESSUAL', 4, 450, 1);
insert into projudi.guia_modelo (guia_modelo, id_guia_tipo, id_proc_tipo, codigo_temp) values ( 'FINAL - CAUTELAR INOMINADA CRIMINAL', 4, 451, 1);
insert into projudi.guia_modelo (guia_modelo, id_guia_tipo, id_proc_tipo, codigo_temp) values ( 'FINAL - REMIÇÃO DE PENA', 4, 452, 1);
insert into projudi.guia_modelo (guia_modelo, id_guia_tipo, id_proc_tipo, codigo_temp) values ( 'FINAL - PEDIDO DE MEDIDA DE PROTEÇÃO', 4, 453, 1);
insert into projudi.guia_modelo (guia_modelo, id_guia_tipo, id_proc_tipo, codigo_temp) values ( 'FINAL - PROCEDIMENTOS CAUTELARES', 4, 454, 1);
insert into projudi.guia_modelo (guia_modelo, id_guia_tipo, id_proc_tipo, codigo_temp) values ( 'FINAL - BUSCA E APREENSÃO', 4, 455, 1);
insert into projudi.guia_modelo (guia_modelo, id_guia_tipo, id_proc_tipo, codigo_temp) values ( 'FINAL - INTERNAÇÃO PROVISÓRIA', 4, 456, 1);
insert into projudi.guia_modelo (guia_modelo, id_guia_tipo, id_proc_tipo, codigo_temp) values ( 'FINAL - PEDIDO DE DESINTERNAÇÃO/REAVALIAÇÃO/SUBSTITUIÇÃO/SUSPENSÃO DA MEDIDA', 4, 457, 1);
insert into projudi.guia_modelo (guia_modelo, id_guia_tipo, id_proc_tipo, codigo_temp) values ( 'FINAL - PROCEDIMENTO CONCILIATÓRIO', 4, 458, 1);
insert into projudi.guia_modelo (guia_modelo, id_guia_tipo, id_proc_tipo, codigo_temp) values ( 'FINAL - RESTABELECIMENTO DO PODER FAMILIAR', 4, 459, 1);
insert into projudi.guia_modelo (guia_modelo, id_guia_tipo, id_proc_tipo, codigo_temp) values ( 'FINAL - HOMOLOGAÇÃO EM ACORDO DE COLABORAÇÃO PREMIADA', 4, 460, 1);
insert into projudi.guia_modelo (guia_modelo, id_guia_tipo, id_proc_tipo, codigo_temp) values ( 'FINAL - CUMPRIMENTO DE SENTENÇA CONTRA A FAZENDA PÚBLICA', 4, 461, 1);
insert into projudi.guia_modelo (guia_modelo, id_guia_tipo, id_proc_tipo, codigo_temp) values ( 'FINAL - EXECUÇÃO DE TÍTULO EXTAJUDICIAL CONTRA A FAZENDA PÚBLICA', 4, 462, 1);
insert into projudi.guia_modelo (guia_modelo, id_guia_tipo, id_proc_tipo, codigo_temp) values ( 'FINAL - INCIDENTE DE IMPEDIMENTO', 4, 463, 1);
insert into projudi.guia_modelo (guia_modelo, id_guia_tipo, id_proc_tipo, codigo_temp) values ( 'FINAL - INCIDENTE DE SUSPEIÇÃO', 4, 464, 1);
insert into projudi.guia_modelo (guia_modelo, id_guia_tipo, id_proc_tipo, codigo_temp) values ( 'FINAL - CARTA ARBITRAL', 4, 465, 1);
insert into projudi.guia_modelo (guia_modelo, id_guia_tipo, id_proc_tipo, codigo_temp) values ( 'FINAL - TUTELA ANTECIPADA ANTECEDENTE', 4, 466, 1);
insert into projudi.guia_modelo (guia_modelo, id_guia_tipo, id_proc_tipo, codigo_temp) values ( 'FINAL - TUTELA CAUTELAR ANTECEDENTE', 4, 467, 1);
insert into projudi.guia_modelo (guia_modelo, id_guia_tipo, id_proc_tipo, codigo_temp) values ( 'FINAL - INCIDENTE DE RESOLUÇÃO DE DEMANDAS REPETITIVAS', 4, 468, 1);
insert into projudi.guia_modelo (guia_modelo, id_guia_tipo, id_proc_tipo, codigo_temp) values ( 'FINAL - DISSOLUÇÃO PARCIAL DE SOCIEDADE', 4, 469, 1);
insert into projudi.guia_modelo (guia_modelo, id_guia_tipo, id_proc_tipo, codigo_temp) values ( 'FINAL - INCIDENTE DE ASSUNÇÃO DE COMPETÊNCIA', 4, 470, 1);
insert into projudi.guia_modelo (guia_modelo, id_guia_tipo, id_proc_tipo, codigo_temp) values ( 'FINAL - LIQUIDAÇÃO PROVISÓRIA DE SENTENÇA PELO PROCEDIMENTO COMUM', 4, 471, 1);
insert into projudi.guia_modelo (guia_modelo, id_guia_tipo, id_proc_tipo, codigo_temp) values ( 'FINAL - RENOVAÇÃO DE PERMANÊNCIA EM ESTABELECIMENTO PENAL FEDERAL', 4, 472, 1);
insert into projudi.guia_modelo (guia_modelo, id_guia_tipo, id_proc_tipo, codigo_temp) values ( 'FINAL - EXTINÇÃO DAS OBRIGAÇÕES DO FALIDO', 4, 473, 1);
insert into projudi.guia_modelo (guia_modelo, id_guia_tipo, id_proc_tipo, codigo_temp) values ( 'FINAL - RECURSO EM SENTIDO ESTRITO/RECURSO EX OFFICIO', 4, 474, 1);
insert into projudi.guia_modelo (guia_modelo, id_guia_tipo, id_proc_tipo, codigo_temp) values ( 'FINAL - EXECUÇÃO DE MEDIDA DE SEGURANÇA', 4, 475, 1);
insert into projudi.guia_modelo (guia_modelo, id_guia_tipo, id_proc_tipo, codigo_temp) values ( 'FINAL - INCIDENTE DE SANIDADE MENTAL', 4, 476, 1);
insert into projudi.guia_modelo (guia_modelo, id_guia_tipo, id_proc_tipo, codigo_temp) values ( 'FINAL - MEDIDAS PROTETIVAS - ESTATUTO DO IDOSO ', 4, 477, 1);
insert into projudi.guia_modelo (guia_modelo, id_guia_tipo, id_proc_tipo, codigo_temp) values ( 'FINAL - CONFLITO DE COMPETÊNCIA', 4, 478, 1);
insert into projudi.guia_modelo (guia_modelo, id_guia_tipo, id_proc_tipo, codigo_temp) values ( 'FINAL - EXIBIÇÃO DE DOCUMENTO OU COISA', 4, 479, 1);
insert into projudi.guia_modelo (guia_modelo, id_guia_tipo, id_proc_tipo, codigo_temp) values ( 'FINAL - IMPUGNAÇÃO AO VALOR DA CAUSA', 4, 480, 1);
insert into projudi.guia_modelo (guia_modelo, id_guia_tipo, id_proc_tipo, codigo_temp) values ( 'FINAL - INCIDENTE DE FALSIDADE', 4, 481, 1);
insert into projudi.guia_modelo (guia_modelo, id_guia_tipo, id_proc_tipo, codigo_temp) values ( 'FINAL - EXCEÇÃO DE IMPEDIMENTO', 4, 482, 1);
insert into projudi.guia_modelo (guia_modelo, id_guia_tipo, id_proc_tipo, codigo_temp) values ( 'FINAL - EXCEÇÃO DE INCOMPETÊNCIA', 4, 483, 1);
insert into projudi.guia_modelo (guia_modelo, id_guia_tipo, id_proc_tipo, codigo_temp) values ( 'FINAL - EXCEÇÃO DE SUSPEIÇÃO', 4, 484, 1);
insert into projudi.guia_modelo (guia_modelo, id_guia_tipo, id_proc_tipo, codigo_temp) values ( 'FINAL - PETIÇÃO', 4, 485, 1);
insert into projudi.guia_modelo (guia_modelo, id_guia_tipo, id_proc_tipo, codigo_temp) values ( 'FINAL - CUMPRIMENTO PROVISÓRIO DE DECISÃO', 4, 486, 1);
insert into projudi.guia_modelo (guia_modelo, id_guia_tipo, id_proc_tipo, codigo_temp) values ( 'FINAL - PETIÇÃO', 4, 487, 1);
insert into projudi.guia_modelo (guia_modelo, id_guia_tipo, id_proc_tipo, codigo_temp) values ( 'FINAL - INCIDENTE DE DESCONSIDERAÇÃO DE PERSONALIDADE JURÍDICA', 4, 488, 1);

commit;

insert into projudi.guia_custa_modelo (id_guia_modelo, id_custa)
select id_guia_modelo, 9012
from projudi.guia_modelo
where id_guia_tipo = 1
and codigo_temp = 1
and codigo_temp is not null;

insert into projudi.guia_custa_modelo (id_guia_modelo, id_custa)
select id_guia_modelo, 9018
from projudi.guia_modelo
where id_guia_tipo = 1
and codigo_temp = 1
and codigo_temp is not null;

insert into projudi.guia_custa_modelo (id_guia_modelo, id_custa)
select id_guia_modelo, 9020
from projudi.guia_modelo
where id_guia_tipo = 1
and codigo_temp = 1
and codigo_temp is not null;

insert into projudi.guia_custa_modelo (id_guia_modelo, id_custa)
select id_guia_modelo, 9023
from projudi.guia_modelo
where id_guia_tipo = 1
and codigo_temp = 1
and codigo_temp is not null;

insert into projudi.guia_custa_modelo (id_guia_modelo, id_custa)
select id_guia_modelo, 190
from projudi.guia_modelo
where id_guia_tipo = 1
and codigo_temp = 1
and codigo_temp is not null;

commit;

insert into projudi.guia_custa_modelo (id_guia_modelo, id_custa)
select id_guia_modelo, 9012
from projudi.guia_modelo
where id_guia_tipo = 4
and codigo_temp = 1
and codigo_temp is not null;

insert into projudi.guia_custa_modelo (id_guia_modelo, id_custa)
select id_guia_modelo, 9018
from projudi.guia_modelo
where id_guia_tipo = 4
and codigo_temp = 1
and codigo_temp is not null;

insert into projudi.guia_custa_modelo (id_guia_modelo, id_custa)
select id_guia_modelo, 9023
from projudi.guia_modelo
where id_guia_tipo = 4
and codigo_temp = 1
and codigo_temp is not null;

commit;

/* Recompilar adicionando o campo CODIGO_TEMP_MODELO */
CREATE OR REPLACE FORCE VIEW "PROJUDI"."VIEW_ITENS_CALC_ARRECADACAO" ("ID_GUIA_CUSTA_MODELO", "GUIA_CUSTA_MODELO", "ID_GUIA_MODELO", "GUIA_MODELO", "ID_GUIA_TIPO", "ID_PROC_TIPO", "ID_NATUREZA_SPG", "CODIGO_TEMP_MODELO", "ID_CUSTA", "CUSTA", "CODIGO_REGIMENTO", "CODIGO_REGIMENTO_VALOR", "PORCENTAGEM", "REFERENCIA_CALCULO", "MINIMO", "VALOR_ACRESCIMO", "VALOR_MAXIMO", "ID_ARRECADACAO_CUSTA", "ARRECADACAO_CUSTA", "CODIGO_ARRECADACAO") AS 
  SELECT 
    TGC.ID_GUIA_CUSTA_MODELO AS ID_GUIA_CUSTA_MODELO,
    TGC.GUIA_CUSTA_MODELO AS GUIA_CUSTA_MODELO,
    TG.ID_GUIA_MODELO AS ID_GUIA_MODELO,
    TG.GUIA_MODELO AS GUIA_MODELO,
    TG.ID_GUIA_TIPO AS ID_GUIA_TIPO,
    TG.ID_PROC_TIPO AS ID_PROC_TIPO,
    TG.ID_NATUREZA_SPG AS ID_NATUREZA_SPG,
    TG.CODIGO_TEMP AS CODIGO_TEMP_MODELO,
    C.ID_CUSTA AS ID_CUSTA,
    C.CUSTA AS CUSTA,
    C.CODIGO_REGIMENTO AS CODIGO_REGIMENTO,
    C.CODIGO_REGIMENTO_VALOR AS CODIGO_REGIMENTO_VALOR,
    C.PORCENTAGEM AS PORCENTAGEM,
    C.REFERENCIA_CALCULO AS REFERENCIA_CALCULO,
    C.MINIMO AS MINIMO,
    C.VALOR_ACRESCIMO AS VALOR_ACRESCIMO,
    C.VALOR_MAXIMO AS VALOR_MAXIMO,
    AC.ID_ARRECADACAO_CUSTA AS ID_ARRECADACAO_CUSTA,
    AC.ARRECADACAO_CUSTA AS ARRECADACAO_CUSTA,
    AC.CODIGO_ARRECADACAO AS CODIGO_ARRECADACAO 
FROM GUIA_CUSTA_MODELO TGC JOIN GUIA_MODELO TG ON TGC.ID_GUIA_MODELO = TG.ID_GUIA_MODELO
  JOIN CUSTA C ON TGC.ID_CUSTA = C.ID_CUSTA 
	JOIN ARRECADACAO_CUSTA AC ON C.ID_ARRECADACAO_CUSTA = AC.ID_ARRECADACAO_CUSTA;
	
commit;
	
update projudi.guia_custa_modelo set id_custa = 9012 where id_custa = 28;
update projudi.guia_custa_modelo set id_custa = 9014 where id_custa = 29;
update projudi.guia_custa_modelo set id_custa = 9013 where id_custa = 35;
--36
--39
update projudi.guia_custa_modelo set id_custa = 9012 where id_custa = 40;
update projudi.guia_custa_modelo set id_custa = 9012 where id_custa = 41;
update projudi.guia_custa_modelo set id_custa = 9015 where id_custa = 42;
update projudi.guia_custa_modelo set id_custa = 9012 where id_custa = 44;
update projudi.guia_custa_modelo set id_custa = 9012 where id_custa = 46;
update projudi.guia_custa_modelo set id_custa = 9014 where id_custa = 47;

update projudi.guia_custa_modelo set id_custa = 9012 where id_custa = 48;
update projudi.guia_custa_modelo set id_custa = 9012 where id_custa = 49;
update projudi.guia_custa_modelo set id_custa = 9012 where id_custa = 50;
update projudi.guia_custa_modelo set id_custa = 9012 where id_custa = 55;
update projudi.guia_custa_modelo set id_custa = 9012 where id_custa = 56;
update projudi.guia_custa_modelo set id_custa = 9012 where id_custa = 57;

update projudi.guia_custa_modelo set id_custa = 9016 where id_custa = 59;
update projudi.guia_custa_modelo set id_custa = 9018 where id_custa = 64;
update projudi.guia_custa_modelo set id_custa = 9020 where id_custa = 68;
update projudi.guia_custa_modelo set id_custa = 9020 where id_custa = 69;
update projudi.guia_custa_modelo set id_custa = 9023 where id_custa = 75;
update projudi.guia_custa_modelo set id_custa = 9012 where id_custa = 79;
update projudi.guia_custa_modelo set id_custa = 9025 where id_custa = 135;
update projudi.guia_custa_modelo set id_custa = 9025 where id_custa = 186;
update projudi.guia_custa_modelo set id_custa = 9034 where id_custa = 187;
update projudi.guia_custa_modelo set id_custa = 9016 where id_custa = 188;
--190
update projudi.guia_custa_modelo set id_custa = 9025 where id_custa = 191;
--196
update projudi.guia_custa_modelo set id_custa = 9032 where id_custa = 203;

commit;